soc,ocv[v],Total Time,Step Time,Voltage [V],Current [A],Battery Temperature [ÅãC],Chamber Temperature [ÅãC]
20,3.129921,2374.17,0.5,3.105,10.004,55.5,60
20,3.129921,2374.67,1,3.101666667,10.017,55.5,60
20,3.129921,2375.17,1.5,3.098333333,10.028,55.5,60
20,3.129921,2375.67,2,3.096666667,10.018,55.5,60
20,3.129921,2376.17,2.5,3.093333333,10.007,55.4,60
20,3.129921,2376.67,3,3.091666667,10.009,55.4,60
20,3.129921,2377.17,3.5,3.09,10.008,55.5,60
20,3.129921,2377.67,4,3.088333333,10.012,55.5,60
20,3.129921,2378.17,4.5,3.086666667,10.02,55.5,60
20,3.129921,2378.67,5,3.085,10.021,55.5,60
20,3.129921,2379.17,5.5,3.083333333,10.006,55.5,60
20,3.129921,2379.67,6,3.081666667,10.018,55.5,60
20,3.129921,2380.17,6.5,3.08,10.002,55.4,60
20,3.129921,2380.67,7,3.078333333,10.002,55.4,60
20,3.129921,2381.17,7.5,3.076666667,9.995,55.4,60
20,3.129921,2381.67,8,3.075,9.997,55.4,60
20,3.129921,2382.17,8.5,3.073333333,10.008,55.4,60
20,3.129921,2382.67,9,3.071666667,10.016,55.5,60
20,3.129921,2383.17,9.5,3.07,10.007,55.5,60
20,3.129921,2383.67,10,3.068333333,10.001,55.4,60
20,3.129921,2384.17,10.5,3.066666667,10.009,55.4,60
20,3.129921,2384.67,11,3.065,10.015,55.4,60
20,3.129921,2385.17,11.5,3.063333333,10.009,55.4,60
20,3.129921,2385.67,12,3.061666667,10.017,55.4,60
20,3.129921,3003.85,0.5,3.175,-19.975,55.9,60
20,3.129921,3004.35,1,3.181666667,-19.989,55.9,60
20,3.129921,3004.85,1.5,3.186666667,-19.993,56,60
20,3.129921,3005.35,2,3.19,-19.99,56,60
20,3.129921,3005.85,2.5,3.195,-19.987,56,60
20,3.129921,3006.35,3,3.198333333,-19.989,56,60
20,3.129921,3006.85,3.5,3.203333333,-19.989,56,60
20,3.129921,3007.35,4,3.205,-19.985,56,60
20,3.129921,3007.85,4.5,3.208333333,-19.988,56,60
20,3.129921,3008.35,5,3.211666667,-19.992,55.9,60
20,3.129921,3008.85,5.5,3.215,-20.009,55.9,60
20,3.129921,3009.35,6,3.22,-20.012,56,60
20,3.129921,3009.85,6.5,3.223333333,-20.009,56,60
20,3.129921,3010.35,7,3.225,-20.002,56,60
20,3.129921,3010.85,7.5,3.228333333,-19.989,56,60
20,3.129921,3011.35,8,3.231666667,-19.981,55.9,60
20,3.129921,3011.85,8.5,3.235,-19.986,55.9,60
20,3.129921,3012.35,9,3.238333333,-19.992,55.9,60
20,3.129921,3012.85,9.5,3.241666667,-19.997,55.9,60
20,3.129921,3013.35,10,3.243333333,-20.004,55.9,60
20,3.129921,3013.85,10.5,3.246666667,-20.001,55.9,60
20,3.129921,3014.35,11,3.25,-20.008,55.9,60
20,3.129921,3014.85,11.5,3.253333333,-20.002,56,60
20,3.129921,3015.35,12,3.255,-20.013,56,60
20,3.129921,3633.5,0.5,3.095,16.013,56.2,60
20,3.129921,3634,1,3.09,16.009,56.2,60
20,3.129921,3634.5,1.5,3.086666667,16.021,56.2,60
20,3.129921,3635,2,3.083333333,16.009,56.2,60
20,3.129921,3635.5,2.5,3.08,15.998,56.2,60
20,3.129921,3636,3,3.076666667,15.991,56.2,60
20,3.129921,3636.5,3.5,3.073333333,16.008,56.2,60
20,3.129921,3637,4,3.071666667,16,56.2,60
20,3.129921,3637.5,4.5,3.066666667,16.011,56.2,60
20,3.129921,3638,5,3.065,16.027,56.2,60
20,3.129921,3638.5,5.5,3.063333333,16.005,56.2,60
20,3.129921,3639,6,3.06,16,56.2,60
20,3.129921,3639.5,6.5,3.056666667,15.999,56.2,60
20,3.129921,3640,7,3.053333333,16.015,56.2,60
20,3.129921,3640.5,7.5,3.05,16.009,56.2,60
20,3.129921,3641,8,3.048333333,16.011,56.2,60
20,3.129921,3641.5,8.5,3.045,16.018,56.2,60
20,3.129921,3642,9,3.043333333,16.011,56.2,60
20,3.129921,3642.5,9.5,3.04,15.998,56.2,60
20,3.129921,3643,10,3.038333333,16.005,56.2,60
20,3.129921,3643.5,10.5,3.035,16.006,56.2,60
20,3.129921,3644,11,3.033333333,16.003,56.2,60
20,3.129921,3644.5,11.5,3.03,16.013,56.2,60
20,3.129921,3645,12,3.026666667,16.023,56.2,60
20,3.129921,4263.14,0.5,3.198333333,-30.018,56.4,60
20,3.129921,4263.64,1,3.206666667,-30.019,56.4,60
20,3.129921,4264.14,1.5,3.215,-30.005,56.4,60
20,3.129921,4264.64,2,3.221666667,-30.012,56.4,60
20,3.129921,4265.14,2.5,3.228333333,-30.009,56.4,60
20,3.129921,4265.64,3,3.233333333,-30.004,56.4,60
20,3.129921,4266.14,3.5,3.238333333,-29.989,56.4,60
20,3.129921,4266.64,4,3.245,-29.981,56.4,60
20,3.129921,4267.14,4.5,3.25,-29.947,56.4,60
20,3.129921,4267.64,5,3.255,-29.961,56.4,60
20,3.129921,4268.14,5.5,3.26,-29.952,56.4,60
20,3.129921,4268.64,6,3.263333333,-29.978,56.4,60
20,3.129921,4269.14,6.5,3.268333333,-29.98,56.4,60
20,3.129921,4269.64,7,3.273333333,-30.008,56.4,60
20,3.129921,4270.14,7.5,3.278333333,-30.019,56.4,60
20,3.129921,4270.64,8,3.283333333,-30.025,56.4,60
20,3.129921,4271.14,8.5,3.286666667,-30.038,56.4,60
20,3.129921,4271.64,9,3.291666667,-30.038,56.4,60
20,3.129921,4272.14,9.5,3.296666667,-30.031,56.4,60
20,3.129921,4272.64,10,3.3,-30.011,56.4,60
20,3.129921,4273.14,10.5,3.305,-29.999,56.4,60
20,3.129921,4273.64,11,3.308333333,-29.979,56.4,60
20,3.129921,4274.14,11.5,3.313333333,-29.99,56.4,60
20,3.129921,4274.64,12,3.316666667,-29.993,56.4,60
20,3.129921,4892.79,0.5,3.071666667,26.005,56.6,60
20,3.129921,4893.29,1,3.063333333,26.003,56.6,60
20,3.129921,4893.79,1.5,3.056666667,25.993,56.6,60
20,3.129921,4894.29,2,3.051666667,25.996,56.6,60
20,3.129921,4894.79,2.5,3.045,25.985,56.6,60
20,3.129921,4895.29,3,3.04,25.988,56.6,60
20,3.129921,4895.79,3.5,3.036666667,26,56.6,60
20,3.129921,4896.29,4,3.03,26.001,56.6,60
20,3.129921,4896.79,4.5,3.026666667,26.005,56.6,60
20,3.129921,4897.29,5,3.021666667,26.005,56.6,60
20,3.129921,4897.79,5.5,3.016666667,26.014,56.6,60
20,3.129921,4898.29,6,3.011666667,26.014,56.6,60
20,3.129921,4898.79,6.5,3.008333333,26.017,56.6,60
20,3.129921,4899.29,7,3.003333333,26.021,56.6,60
20,3.129921,4899.79,7.5,2.998333333,26.007,56.6,60
20,3.129921,4900.29,8,2.995,26.016,56.6,60
20,3.129921,4900.79,8.5,2.99,26.008,56.6,60
20,3.129921,4901.29,9,2.985,26.017,56.6,60
20,3.129921,4901.79,9.5,2.981666667,26.012,56.6,60
20,3.129921,4902.29,10,2.976666667,26.025,56.6,60
20,3.129921,4902.79,10.5,2.973333333,26.018,56.6,60
20,3.129921,4903.29,11,2.968333333,26.031,56.6,60
20,3.129921,4903.79,11.5,2.963333333,26.015,56.6,60
20,3.129921,4904.29,12,2.96,26.023,56.6,60
20,3.129921,5522.44,0.5,3.223333333,-40.019,56.6,60
20,3.129921,5522.94,1,3.235,-40.001,56.6,60
20,3.129921,5523.44,1.5,3.245,-39.989,56.6,60
20,3.129921,5523.94,2,3.253333333,-39.972,56.6,60
20,3.129921,5524.44,2.5,3.261666667,-39.971,56.6,60
20,3.129921,5524.94,3,3.268333333,-39.963,56.6,60
20,3.129921,5525.44,3.5,3.276666667,-39.969,56.6,60
20,3.129921,5525.94,4,3.283333333,-39.978,56.6,60
20,3.129921,5526.44,4.5,3.29,-39.992,56.6,60
20,3.129921,5526.94,5,3.296666667,-40.015,56.6,60
20,3.129921,5527.44,5.5,3.303333333,-40.028,56.6,60
20,3.129921,5527.94,6,3.308333333,-40.045,56.6,60
20,3.129921,5528.44,6.5,3.315,-40.05,56.6,60
20,3.129921,5528.94,7,3.321666667,-40.059,56.6,60
20,3.129921,5529.44,7.5,3.328333333,-40.044,56.6,60
20,3.129921,5529.94,8,3.333333333,-40.031,56.6,60
20,3.129921,5530.44,8.5,3.338333333,-40.031,56.6,60
20,3.129921,5530.94,9,3.345,-40.015,56.6,60
20,3.129921,5531.44,9.5,3.35,-40.008,56.6,60
20,3.129921,5531.94,10,3.356666667,-39.984,56.6,60
20,3.129921,5532.44,10.5,3.361666667,-39.983,56.6,60
20,3.129921,5532.94,11,3.366666667,-39.949,56.6,60
20,3.129921,5533.44,11.5,3.371666667,-39.955,56.6,60
20,3.129921,5533.94,12,3.378333333,-39.953,56.6,60
20,3.129921,6152.09,0.5,3.061666667,30.009,56.7,59.9
20,3.129921,6152.59,1,3.053333333,30.008,56.7,59.9
20,3.129921,6153.09,1.5,3.045,30.018,56.7,59.9
20,3.129921,6153.59,2,3.038333333,30.017,56.7,60
20,3.129921,6154.09,2.5,3.031666667,30.029,56.7,60
20,3.129921,6154.59,3,3.025,30.029,56.7,60
20,3.129921,6155.09,3.5,3.02,30.018,56.7,60
20,3.129921,6155.59,4,3.015,30.014,56.7,60
20,3.129921,6156.09,4.5,3.008333333,30.02,56.7,60
20,3.129921,6156.59,5,3.003333333,30.011,56.7,60
20,3.129921,6157.09,5.5,2.998333333,30.012,56.7,60
20,3.129921,6157.59,6,2.993333333,30.013,56.7,60
20,3.129921,6158.09,6.5,2.986666667,30.014,56.7,60
20,3.129921,6158.59,7,2.981666667,30.018,56.7,60
20,3.129921,6159.09,7.5,2.976666667,30.006,56.7,60
20,3.129921,6159.59,8,2.971666667,30.004,56.7,60
20,3.129921,6160.09,8.5,2.968333333,30.003,56.7,60
20,3.129921,6160.59,9,2.961666667,30.002,56.7,59.9
20,3.129921,6161.09,9.5,2.958333333,30.008,56.7,59.9
20,3.129921,6161.59,10,2.951666667,30.019,56.7,60
20,3.129921,6162.09,10.5,2.946666667,30.019,56.7,60
20,3.129921,6162.59,11,2.941666667,30.021,56.7,60
20,3.129921,6163.09,11.5,2.936666667,30.014,56.7,60
20,3.129921,6163.59,12,2.931666667,30.014,56.7,59.9
20,3.129921,6781.74,0.5,3.246666667,-50.042,56.8,60
20,3.129921,6782.24,1,3.261666667,-50.033,56.8,60
20,3.129921,6782.74,1.5,3.273333333,-50.028,56.8,60
20,3.129921,6783.24,2,3.285,-50.024,56.8,60
20,3.129921,6783.74,2.5,3.295,-50.022,56.7,60
20,3.129921,6784.24,3,3.303333333,-50.016,56.7,60
20,3.129921,6784.74,3.5,3.313333333,-50.001,56.7,60
20,3.129921,6785.24,4,3.321666667,-50,56.7,60
20,3.129921,6785.74,4.5,3.33,-49.976,56.7,60
20,3.129921,6786.24,5,3.338333333,-49.981,56.7,60
20,3.129921,6786.74,5.5,3.346666667,-49.963,56.7,60
20,3.129921,6787.24,6,3.353333333,-49.957,56.8,60
20,3.129921,6787.74,6.5,3.361666667,-49.95,56.8,60
20,3.129921,6788.24,7,3.368333333,-49.948,56.7,60
20,3.129921,6788.74,7.5,3.375,-49.948,56.7,60
20,3.129921,6789.24,8,3.383333333,-49.949,56.7,60
20,3.129921,6789.74,8.5,3.391666667,-49.948,56.7,60
20,3.129921,6790.24,9,3.398333333,-49.94,56.7,60
20,3.129921,6790.74,9.5,3.405,-49.952,56.7,60
20,3.129921,6791.24,10,3.411666667,-49.95,56.8,60
20,3.129921,6791.74,10.5,3.416666667,-49.961,56.8,60
20,3.129921,6792.24,11,3.425,-49.959,56.8,60
20,3.129921,6792.74,11.5,3.431666667,-49.973,56.7,60
20,3.129921,6793.24,12,3.436666667,-50.004,56.7,60
30,3.295764,8294.09,0.5,3.255,16.007,56.9,60
30,3.295764,8294.59,1,3.251666667,15.998,56.9,60
30,3.295764,8295.09,1.5,3.246666667,16.011,56.9,60
30,3.295764,8295.59,2,3.245,16.008,56.9,60
30,3.295764,8296.09,2.5,3.241666667,16.006,56.9,60
30,3.295764,8296.59,3,3.238333333,16.009,56.9,60
30,3.295764,8297.09,3.5,3.235,16.009,56.9,60
30,3.295764,8297.59,4,3.231666667,16.023,56.9,60
30,3.295764,8298.09,4.5,3.23,16.013,56.9,60
30,3.295764,8298.59,5,3.226666667,16.035,56.9,60
30,3.295764,8299.09,5.5,3.225,16.016,56.9,60
30,3.295764,8299.59,6,3.221666667,16.023,56.9,60
30,3.295764,8300.09,6.5,3.22,16.018,56.9,60
30,3.295764,8300.59,7,3.218333333,16.01,56.9,60
30,3.295764,8301.09,7.5,3.215,16.021,56.9,60
30,3.295764,8301.59,8,3.213333333,16.013,56.9,60
30,3.295764,8302.09,8.5,3.21,16.012,56.9,60
30,3.295764,8302.59,9,3.208333333,16.006,56.9,60
30,3.295764,8303.09,9.5,3.206666667,16.008,56.9,60
30,3.295764,8303.59,10,3.203333333,16.002,56.9,60
30,3.295764,8304.09,10.5,3.201666667,16.008,56.9,60
30,3.295764,8304.59,11,3.2,15.999,56.9,60
30,3.295764,8305.09,11.5,3.196666667,16.009,56.9,60
30,3.295764,8305.59,12,3.195,16.001,56.9,60
30,3.295764,8923.76,0.5,3.338333333,-19.988,57,60
30,3.295764,8924.26,1,3.343333333,-19.985,57,60
30,3.295764,8924.76,1.5,3.348333333,-19.984,57,60
30,3.295764,8925.26,2,3.351666667,-19.985,57,60
30,3.295764,8925.76,2.5,3.355,-19.991,57,60
30,3.295764,8926.26,3,3.358333333,-19.987,57,60
30,3.295764,8926.76,3.5,3.363333333,-19.984,57,60
30,3.295764,8927.26,4,3.366666667,-19.986,57,60
30,3.295764,8927.76,4.5,3.37,-19.977,57,60
30,3.295764,8928.26,5,3.373333333,-19.986,57,60
30,3.295764,8928.76,5.5,3.375,-19.971,57,60
30,3.295764,8929.26,6,3.378333333,-19.982,57,60
30,3.295764,8929.76,6.5,3.381666667,-19.977,57,60
30,3.295764,8930.26,7,3.383333333,-19.983,57,60
30,3.295764,8930.76,7.5,3.386666667,-19.994,57,60
30,3.295764,8931.26,8,3.39,-20.004,57,60
30,3.295764,8931.76,8.5,3.391666667,-20.024,57,60
30,3.295764,8932.26,9,3.395,-20.022,57,60
30,3.295764,8932.76,9.5,3.396666667,-20.022,57,60
30,3.295764,8933.26,10,3.4,-20.013,57,60
30,3.295764,8933.76,10.5,3.403333333,-20.026,57,59.9
30,3.295764,8934.26,11,3.405,-20.014,57,59.9
30,3.295764,8934.76,11.5,3.408333333,-20.013,57,59.9
30,3.295764,8935.26,12,3.41,-19.991,57,59.9
30,3.295764,9553.41,0.5,3.241666667,24.029,57,60
30,3.295764,9553.91,1,3.235,24.022,57,60
30,3.295764,9554.41,1.5,3.23,24.029,57,59.9
30,3.295764,9554.91,2,3.225,24.021,57,59.9
30,3.295764,9555.41,2.5,3.22,24.03,57,59.9
30,3.295764,9555.91,3,3.216666667,24.02,57,59.9
30,3.295764,9556.41,3.5,3.211666667,24.027,57,59.9
30,3.295764,9556.91,4,3.208333333,24.021,57,59.9
30,3.295764,9557.41,4.5,3.203333333,24.024,57,59.9
30,3.295764,9557.91,5,3.2,24.014,57,59.9
30,3.295764,9558.41,5.5,3.196666667,24.021,57.1,59.9
30,3.295764,9558.91,6,3.191666667,24.019,57.1,59.9
30,3.295764,9559.41,6.5,3.188333333,24.021,57,59.9
30,3.295764,9559.91,7,3.185,24.02,57,59.9
30,3.295764,9560.41,7.5,3.181666667,24.023,57,59.9
30,3.295764,9560.91,8,3.178333333,24.021,57,59.9
30,3.295764,9561.41,8.5,3.175,24.026,57,59.9
30,3.295764,9561.91,9,3.171666667,24.027,57,59.9
30,3.295764,9562.41,9.5,3.168333333,24.029,57,59.9
30,3.295764,9562.91,10,3.165,24.032,57,59.9
30,3.295764,9563.41,10.5,3.16,24.043,57,59.9
30,3.295764,9563.91,11,3.158333333,24.027,57,59.9
30,3.295764,9564.41,11.5,3.153333333,24.026,57,59.9
30,3.295764,9564.91,12,3.15,24.022,57,59.9
30,3.295764,10183.06,0.5,3.36,-30.011,57.2,60
30,3.295764,10183.56,1,3.368333333,-29.983,57.2,60
30,3.295764,10184.06,1.5,3.375,-29.973,57.1,60
30,3.295764,10184.56,2,3.381666667,-29.97,57.1,60
30,3.295764,10185.06,2.5,3.386666667,-29.974,57.2,60
30,3.295764,10185.56,3,3.393333333,-29.983,57.2,60
30,3.295764,10186.06,3.5,3.398333333,-30.012,57.2,60
30,3.295764,10186.56,4,3.401666667,-30.015,57.2,60
30,3.295764,10187.06,4.5,3.408333333,-30.031,57.2,60
30,3.295764,10187.56,5,3.411666667,-30.033,57.2,60
30,3.295764,10188.06,5.5,3.416666667,-30.011,57.2,60
30,3.295764,10188.56,6,3.42,-30.004,57.2,60
30,3.295764,10189.06,6.5,3.425,-29.99,57.2,60
30,3.295764,10189.56,7,3.428333333,-29.978,57.2,60
30,3.295764,10190.06,7.5,3.433333333,-29.978,57.2,60
30,3.295764,10190.56,8,3.436666667,-29.977,57.2,60
30,3.295764,10191.06,8.5,3.441666667,-29.989,57.2,60
30,3.295764,10191.56,9,3.445,-29.998,57.2,60
30,3.295764,10192.06,9.5,3.448333333,-30.016,57.2,60
30,3.295764,10192.56,10,3.451666667,-30.023,57.2,60
30,3.295764,10193.06,10.5,3.455,-30.027,57.2,60
30,3.295764,10193.56,11,3.46,-30.012,57.2,60
30,3.295764,10194.06,11.5,3.465,-30.022,57.1,60
30,3.295764,10194.56,12,3.468333333,-30.005,57.1,59.9
30,3.295764,10812.71,0.5,3.228333333,30.007,57.2,59.9
30,3.295764,10813.21,1,3.22,30.016,57.2,59.9
30,3.295764,10813.71,1.5,3.213333333,30.013,57.2,59.9
30,3.295764,10814.21,2,3.206666667,30.025,57.2,59.9
30,3.295764,10814.71,2.5,3.201666667,30.011,57.2,59.9
30,3.295764,10815.21,3,3.195,29.998,57.2,59.9
30,3.295764,10815.71,3.5,3.19,29.985,57.2,59.9
30,3.295764,10816.21,4,3.185,30.009,57.2,59.9
30,3.295764,10816.71,4.5,3.18,30.014,57.2,59.9
30,3.295764,10817.21,5,3.175,29.999,57.2,59.9
30,3.295764,10817.71,5.5,3.171666667,30.024,57.2,59.9
30,3.295764,10818.21,6,3.166666667,30.012,57.2,59.9
30,3.295764,10818.71,6.5,3.161666667,30.004,57.2,59.9
30,3.295764,10819.21,7,3.156666667,30,57.2,59.9
30,3.295764,10819.71,7.5,3.151666667,30.022,57.2,59.9
30,3.295764,10820.21,8,3.146666667,30.019,57.2,59.9
30,3.295764,10820.71,8.5,3.143333333,30.024,57.2,59.9
30,3.295764,10821.21,9,3.14,30.023,57.2,59.9
30,3.295764,10821.71,9.5,3.135,30.003,57.2,59.9
30,3.295764,10822.21,10,3.13,30.007,57.2,59.9
30,3.295764,10822.71,10.5,3.125,30.016,57.2,59.9
30,3.295764,10823.21,11,3.121666667,30.005,57.2,59.9
30,3.295764,10823.71,11.5,3.116666667,30.004,57.2,59.9
30,3.295764,10824.21,12,3.111666667,30.035,57.2,59.9
30,3.295764,11442.36,0.5,3.385,-39.984,57.2,59.9
30,3.295764,11442.86,1,3.395,-39.941,57.2,59.9
30,3.295764,11443.36,1.5,3.403333333,-39.964,57.2,59.9
30,3.295764,11443.86,2,3.411666667,-39.993,57.2,59.9
30,3.295764,11444.36,2.5,3.42,-40.017,57.2,59.9
30,3.295764,11444.86,3,3.426666667,-40.036,57.2,59.9
30,3.295764,11445.36,3.5,3.433333333,-40.022,57.2,59.9
30,3.295764,11445.86,4,3.44,-40.009,57.2,59.9
30,3.295764,11446.36,4.5,3.445,-39.989,57.2,60
30,3.295764,11446.86,5,3.453333333,-39.976,57.2,60
30,3.295764,11447.36,5.5,3.458333333,-39.962,57.2,60
30,3.295764,11447.86,6,3.463333333,-39.965,57.2,59.9
30,3.295764,11448.36,6.5,3.47,-39.995,57.2,59.9
30,3.295764,11448.86,7,3.475,-40.003,57.2,59.9
30,3.295764,11449.36,7.5,3.48,-40.021,57.2,60
30,3.295764,11449.86,8,3.485,-40.035,57.2,60
30,3.295764,11450.36,8.5,3.49,-40.037,57.2,59.9
30,3.295764,11450.86,9,3.495,-40.047,57.2,59.9
30,3.295764,11451.36,9.5,3.501666667,-40.044,57.2,59.9
30,3.295764,11451.86,10,3.506666667,-40.051,57.2,59.9
30,3.295764,11452.36,10.5,3.511666667,-40.049,57.2,59.9
30,3.295764,11452.86,11,3.515,-40.04,57.2,59.9
30,3.295764,11453.36,11.5,3.521666667,-40.043,57.2,59.9
30,3.295764,11453.86,12,3.526666667,-40.04,57.2,59.9
30,3.295764,12072.01,0.5,3.213333333,36.012,57.3,60
30,3.295764,12072.51,1,3.205,36.02,57.3,60
30,3.295764,12073.01,1.5,3.196666667,36.021,57.3,60
30,3.295764,12073.51,2,3.19,36.026,57.3,60
30,3.295764,12074.01,2.5,3.181666667,36.034,57.3,60
30,3.295764,12074.51,3,3.175,36.026,57.3,60
30,3.295764,12075.01,3.5,3.168333333,36.026,57.3,60
30,3.295764,12075.51,4,3.161666667,36.023,57.3,60
30,3.295764,12076.01,4.5,3.156666667,36.026,57.3,60
30,3.295764,12076.51,5,3.15,36.032,57.3,60
30,3.295764,12077.01,5.5,3.145,36.029,57.3,60
30,3.295764,12077.51,6,3.138333333,36.023,57.3,60
30,3.295764,12078.01,6.5,3.133333333,36.032,57.3,60
30,3.295764,12078.51,7,3.128333333,36.015,57.3,60
30,3.295764,12079.01,7.5,3.123333333,36.037,57.3,60
30,3.295764,12079.51,8,3.116666667,36.03,57.3,60
30,3.295764,12080.01,8.5,3.111666667,36.027,57.3,60
30,3.295764,12080.51,9,3.106666667,36.036,57.3,60
30,3.295764,12081.01,9.5,3.101666667,36.028,57.3,60
30,3.295764,12081.51,10,3.095,36.036,57.3,60
30,3.295764,12082.01,10.5,3.09,36.038,57.3,60
30,3.295764,12082.51,11,3.085,36.03,57.3,60
30,3.295764,12083.01,11.5,3.08,36.039,57.3,60
30,3.295764,12083.51,12,3.073333333,36.027,57.3,60
30,3.295764,12701.66,0.5,3.408333333,-50.027,57.4,60
30,3.295764,12702.16,1,3.42,-50.011,57.4,60
30,3.295764,12702.66,1.5,3.431666667,-50.019,57.4,60
30,3.295764,12703.16,2,3.441666667,-50.021,57.4,60
30,3.295764,12703.66,2.5,3.451666667,-50.028,57.4,60
30,3.295764,12704.16,3,3.46,-50.025,57.4,60
30,3.295764,12704.66,3.5,3.468333333,-50.024,57.4,60
30,3.295764,12705.16,4,3.476666667,-50.026,57.4,60
30,3.295764,12705.66,4.5,3.485,-50.032,57.4,60
30,3.295764,12706.16,5,3.491666667,-50.03,57.4,60
30,3.295764,12706.66,5.5,3.498333333,-50.03,57.4,60
30,3.295764,12707.16,6,3.505,-50.035,57.4,60
30,3.295764,12707.66,6.5,3.511666667,-50.021,57.4,60
30,3.295764,12708.16,7,3.52,-50.029,57.4,60
30,3.295764,12708.66,7.5,3.525,-50.025,57.4,60
30,3.295764,12709.16,8,3.531666667,-50.034,57.4,60
30,3.295764,12709.66,8.5,3.54,-50.033,57.4,60
30,3.295764,12710.16,9,3.545,-50.035,57.4,60
30,3.295764,12710.66,9.5,3.551666667,-50.039,57.4,60
30,3.295764,12711.16,10,3.558333333,-50.028,57.4,60
30,3.295764,12711.66,10.5,3.563333333,-50.032,57.4,60
30,3.295764,12712.16,11,3.57,-50.025,57.4,60
30,3.295764,12712.66,11.5,3.576666667,-50.036,57.4,60
30,3.295764,12713.16,12,3.581666667,-50.018,57.4,60
40,3.447072,14223.48,0.5,3.398333333,20.004,57.4,59.9
40,3.447072,14223.98,1,3.395,20.012,57.4,59.9
40,3.447072,14224.48,1.5,3.39,20.016,57.4,59.9
40,3.447072,14224.98,2,3.386666667,20.002,57.4,59.9
40,3.447072,14225.48,2.5,3.383333333,20.014,57.4,59.9
40,3.447072,14225.98,3,3.378333333,20,57.4,59.9
40,3.447072,14226.48,3.5,3.376666667,19.994,57.5,59.9
40,3.447072,14226.98,4,3.373333333,19.996,57.5,59.9
40,3.447072,14227.48,4.5,3.37,20.027,57.4,59.9
40,3.447072,14227.98,5,3.366666667,20.018,57.4,59.9
40,3.447072,14228.48,5.5,3.363333333,20.004,57.4,59.9
40,3.447072,14228.98,6,3.36,20.012,57.4,59.9
40,3.447072,14229.48,6.5,3.358333333,20,57.4,59.9
40,3.447072,14229.98,7,3.355,19.999,57.4,59.9
40,3.447072,14230.48,7.5,3.353333333,20.012,57.4,59.9
40,3.447072,14230.98,8,3.35,20.019,57.5,59.9
40,3.447072,14231.48,8.5,3.348333333,20.018,57.5,59.9
40,3.447072,14231.98,9,3.345,20.015,57.5,59.9
40,3.447072,14232.48,9.5,3.341666667,20.019,57.5,59.9
40,3.447072,14232.98,10,3.34,20.016,57.4,59.9
40,3.447072,14233.48,10.5,3.336666667,19.992,57.4,59.9
40,3.447072,14233.98,11,3.335,19.997,57.5,59.9
40,3.447072,14234.48,11.5,3.331666667,20.005,57.5,59.9
40,3.447072,14234.98,12,3.33,20.01,57.5,59.9
40,3.447072,14853.13,0.5,3.49,-20.017,57.5,59.9
40,3.447072,14853.63,1,3.495,-20.017,57.5,59.9
40,3.447072,14854.13,1.5,3.498333333,-20.003,57.5,59.9
40,3.447072,14854.63,2,3.503333333,-20.002,57.5,59.9
40,3.447072,14855.13,2.5,3.506666667,-19.985,57.5,59.9
40,3.447072,14855.63,3,3.51,-19.997,57.5,59.9
40,3.447072,14856.13,3.5,3.511666667,-19.989,57.5,59.9
40,3.447072,14856.63,4,3.515,-19.994,57.5,59.9
40,3.447072,14857.13,4.5,3.52,-19.984,57.5,59.9
40,3.447072,14857.63,5,3.523333333,-19.986,57.5,59.9
40,3.447072,14858.13,5.5,3.525,-19.985,57.5,59.9
40,3.447072,14858.63,6,3.526666667,-19.991,57.5,59.9
40,3.447072,14859.13,6.5,3.53,-19.99,57.5,59.9
40,3.447072,14859.63,7,3.531666667,-19.989,57.5,59.9
40,3.447072,14860.13,7.5,3.535,-19.989,57.5,59.9
40,3.447072,14860.63,8,3.538333333,-19.987,57.5,59.9
40,3.447072,14861.13,8.5,3.54,-20,57.5,59.9
40,3.447072,14861.63,9,3.543333333,-20.004,57.5,59.9
40,3.447072,14862.13,9.5,3.545,-20.001,57.5,59.9
40,3.447072,14862.63,10,3.546666667,-20.007,57.5,59.9
40,3.447072,14863.13,10.5,3.55,-20.01,57.5,59.9
40,3.447072,14863.63,11,3.553333333,-20.015,57.5,59.9
40,3.447072,14864.13,11.5,3.555,-20.014,57.5,59.9
40,3.447072,14864.63,12,3.558333333,-20.019,57.5,59.9
40,3.447072,15482.78,0.5,3.381666667,30.014,57.5,59.9
40,3.447072,15483.28,1,3.375,30.002,57.6,59.9
40,3.447072,15483.78,1.5,3.368333333,30.01,57.6,59.9
40,3.447072,15484.28,2,3.363333333,30.012,57.5,59.9
40,3.447072,15484.78,2.5,3.356666667,30.01,57.5,59.9
40,3.447072,15485.28,3,3.351666667,30.01,57.5,59.9
40,3.447072,15485.78,3.5,3.346666667,30.022,57.5,59.9
40,3.447072,15486.28,4,3.343333333,30.019,57.5,59.9
40,3.447072,15486.78,4.5,3.338333333,30.033,57.5,59.9
40,3.447072,15487.28,5,3.333333333,30.019,57.5,59.9
40,3.447072,15487.78,5.5,3.328333333,30.021,57.5,59.9
40,3.447072,15488.28,6,3.325,30.02,57.5,59.9
40,3.447072,15488.78,6.5,3.32,30.018,57.6,59.9
40,3.447072,15489.28,7,3.316666667,30.031,57.6,60
40,3.447072,15489.78,7.5,3.313333333,30.02,57.6,60
40,3.447072,15490.28,8,3.308333333,30.027,57.6,60
40,3.447072,15490.78,8.5,3.305,30.016,57.6,60
40,3.447072,15491.28,9,3.3,30.02,57.6,60
40,3.447072,15491.78,9.5,3.296666667,30,57.6,60
40,3.447072,15492.28,10,3.293333333,30.015,57.6,60
40,3.447072,15492.78,10.5,3.288333333,29.999,57.6,60
40,3.447072,15493.28,11,3.285,29.998,57.6,60
40,3.447072,15493.78,11.5,3.281666667,29.998,57.6,60
40,3.447072,15494.28,12,3.276666667,29.99,57.6,60
40,3.447072,16112.43,0.5,3.513333333,-29.97,57.7,59.9
40,3.447072,16112.93,1,3.52,-29.958,57.7,59.9
40,3.447072,16113.43,1.5,3.526666667,-29.956,57.7,59.9
40,3.447072,16113.93,2,3.531666667,-29.957,57.7,59.9
40,3.447072,16114.43,2.5,3.536666667,-29.956,57.7,59.9
40,3.447072,16114.93,3,3.541666667,-29.961,57.7,59.9
40,3.447072,16115.43,3.5,3.546666667,-29.951,57.7,59.9
40,3.447072,16115.93,4,3.551666667,-29.961,57.7,59.9
40,3.447072,16116.43,4.5,3.556666667,-29.953,57.7,59.9
40,3.447072,16116.93,5,3.56,-29.959,57.7,59.9
40,3.447072,16117.43,5.5,3.565,-29.952,57.7,59.9
40,3.447072,16117.93,6,3.57,-29.963,57.7,59.9
40,3.447072,16118.43,6.5,3.571666667,-29.959,57.7,59.9
40,3.447072,16118.93,7,3.576666667,-29.955,57.7,59.9
40,3.447072,16119.43,7.5,3.58,-29.963,57.7,59.9
40,3.447072,16119.93,8,3.583333333,-29.95,57.7,59.9
40,3.447072,16120.43,8.5,3.588333333,-29.965,57.7,59.9
40,3.447072,16120.93,9,3.591666667,-29.95,57.7,59.9
40,3.447072,16121.43,9.5,3.595,-29.959,57.7,59.9
40,3.447072,16121.93,10,3.598333333,-29.954,57.7,59.9
40,3.447072,16122.43,10.5,3.601666667,-29.969,57.7,59.9
40,3.447072,16122.93,11,3.605,-29.957,57.7,59.9
40,3.447072,16123.43,11.5,3.608333333,-29.951,57.7,59.9
40,3.447072,16123.93,12,3.613333333,-29.962,57.7,59.9
40,3.447072,16742.08,0.5,3.37,35.009,57.8,60
40,3.447072,16742.58,1,3.361666667,35.015,57.8,60
40,3.447072,16743.08,1.5,3.355,35.01,57.7,60
40,3.447072,16743.58,2,3.348333333,35.014,57.7,60
40,3.447072,16744.08,2.5,3.341666667,35.018,57.7,60
40,3.447072,16744.58,3,3.335,35.014,57.7,60
40,3.447072,16745.08,3.5,3.33,35.012,57.7,60
40,3.447072,16745.58,4,3.323333333,35.011,57.7,60
40,3.447072,16746.08,4.5,3.318333333,35.013,57.7,60
40,3.447072,16746.58,5,3.313333333,35.017,57.7,60
40,3.447072,16747.08,5.5,3.308333333,35.01,57.7,60
40,3.447072,16747.58,6,3.303333333,35.013,57.7,60
40,3.447072,16748.08,6.5,3.298333333,35.007,57.7,60
40,3.447072,16748.58,7,3.293333333,35.01,57.7,60
40,3.447072,16749.08,7.5,3.29,35.006,57.7,60
40,3.447072,16749.58,8,3.285,35.019,57.7,60
40,3.447072,16750.08,8.5,3.28,35.017,57.7,60
40,3.447072,16750.58,9,3.275,35.021,57.7,60
40,3.447072,16751.08,9.5,3.27,35.029,57.7,60
40,3.447072,16751.58,10,3.265,35.023,57.7,60
40,3.447072,16752.08,10.5,3.26,35.035,57.7,60
40,3.447072,16752.58,11,3.256666667,35.034,57.7,60
40,3.447072,16753.08,11.5,3.251666667,35.022,57.7,60
40,3.447072,16753.58,12,3.246666667,35.017,57.7,60
40,3.447072,17371.73,0.5,3.535,-40.023,57.7,60
40,3.447072,17372.23,1,3.545,-40.023,57.7,60
40,3.447072,17372.73,1.5,3.553333333,-40.023,57.7,60
40,3.447072,17373.23,2,3.561666667,-40.021,57.7,60
40,3.447072,17373.73,2.5,3.568333333,-40.009,57.7,60
40,3.447072,17374.23,3,3.575,-39.993,57.7,60
40,3.447072,17374.73,3.5,3.581666667,-39.981,57.7,60
40,3.447072,17375.23,4,3.586666667,-39.96,57.7,60
40,3.447072,17375.73,4.5,3.593333333,-39.947,57.7,60
40,3.447072,17376.23,5,3.598333333,-39.944,57.7,60
40,3.447072,17376.73,5.5,3.603333333,-39.948,57.7,60
40,3.447072,17377.23,6,3.61,-39.971,57.7,60
40,3.447072,17377.73,6.5,3.615,-39.988,57.7,60
40,3.447072,17378.23,7,3.62,-40.014,57.7,60
40,3.447072,17378.73,7.5,3.625,-40.024,57.7,60
40,3.447072,17379.23,8,3.63,-40.032,57.7,60
40,3.447072,17379.73,8.5,3.635,-40.043,57.7,60
40,3.447072,17380.23,9,3.64,-40.05,57.7,60
40,3.447072,17380.73,9.5,3.645,-40.044,57.7,60
40,3.447072,17381.23,10,3.65,-40.026,57.7,60
40,3.447072,17381.73,10.5,3.655,-40.005,57.7,60
40,3.447072,17382.23,11,3.66,-39.983,57.7,60
40,3.447072,17382.73,11.5,3.663333333,-39.964,57.7,60
40,3.447072,17383.23,12,3.668333333,-39.964,57.7,59.9
40,3.447072,18001.37,0.5,3.336666667,50.027,57.7,59.9
40,3.447072,18001.87,1,3.323333333,50.017,57.7,59.9
40,3.447072,18002.37,1.5,3.313333333,50.012,57.7,59.9
40,3.447072,18002.87,2,3.303333333,50.01,57.7,59.9
40,3.447072,18003.37,2.5,3.293333333,50.015,57.7,59.9
40,3.447072,18003.87,3,3.285,50.022,57.7,59.9
40,3.447072,18004.37,3.5,3.276666667,50.028,57.7,59.9
40,3.447072,18004.87,4,3.268333333,50.028,57.7,59.9
40,3.447072,18005.37,4.5,3.261666667,50.005,57.7,59.9
40,3.447072,18005.87,5,3.253333333,50.002,57.7,59.9
40,3.447072,18006.37,5.5,3.246666667,50.008,57.7,59.9
40,3.447072,18006.87,6,3.238333333,50.005,57.7,59.9
40,3.447072,18007.37,6.5,3.231666667,50.002,57.7,59.9
40,3.447072,18007.87,7,3.225,50.02,57.7,59.9
40,3.447072,18008.37,7.5,3.218333333,50.029,57.7,59.9
40,3.447072,18008.87,8,3.211666667,50.017,57.7,59.9
40,3.447072,18009.37,8.5,3.205,50.015,57.7,59.9
40,3.447072,18009.87,9,3.198333333,50.005,57.7,59.9
40,3.447072,18010.37,9.5,3.19,50.018,57.7,59.9
40,3.447072,18010.87,10,3.185,50.014,57.7,59.9
40,3.447072,18011.37,10.5,3.176666667,50.017,57.7,59.9
40,3.447072,18011.87,11,3.17,50.024,57.7,59.9
40,3.447072,18012.37,11.5,3.163333333,50.033,57.7,59.9
40,3.447072,18012.87,12,3.156666667,50.044,57.7,59.9
40,3.447072,18631.02,0.5,3.558333333,-50.02,57.7,60
40,3.447072,18631.52,1,3.57,-50.026,57.7,60
40,3.447072,18632.02,1.5,3.581666667,-50.025,57.7,60
40,3.447072,18632.52,2,3.591666667,-50.02,57.7,60
40,3.447072,18633.02,2.5,3.6,-50.017,57.7,60
40,3.447072,18633.52,3,3.608333333,-49.998,57.7,60
40,3.447072,18634.02,3.5,3.616666667,-49.992,57.7,60
40,3.447072,18634.52,4,3.623333333,-49.958,57.7,60
40,3.447072,18635.02,4.5,3.63,-49.955,57.7,60
40,3.447072,18635.52,5,3.636666667,-49.945,57.7,60
40,3.447072,18636.02,5.5,3.643333333,-49.961,57.7,60
40,3.447072,18636.52,6,3.651666667,-49.977,57.7,60
40,3.447072,18637.02,6.5,3.658333333,-50.005,57.7,60
40,3.447072,18637.52,7,3.663333333,-50.024,57.7,60
40,3.447072,18638.02,7.5,3.67,-50.033,57.7,60
40,3.447072,18638.52,8,3.676666667,-50.036,57.7,60
40,3.447072,18639.02,8.5,3.681666667,-50.041,57.7,60
40,3.447072,18639.52,9,3.688333333,-50.029,57.7,60
40,3.447072,18640.02,9.5,3.693333333,-50.015,57.7,60
40,3.447072,18640.52,10,3.7,-49.996,57.7,59.9
40,3.447072,18641.02,10.5,3.706666667,-49.979,57.7,59.9
40,3.447072,18641.52,11,3.711666667,-49.975,57.7,59.9
40,3.447072,18642.02,11.5,3.718333333,-49.98,57.7,59.9
40,3.447072,18642.52,12,3.723333333,-50.006,57.7,59.9
50,3.586707,20144.62,0.5,3.54,20.013,57.8,60
50,3.586707,20145.12,1,3.535,20.014,57.8,60
50,3.586707,20145.62,1.5,3.53,20.013,57.8,60
50,3.586707,20146.12,2,3.526666667,20.018,57.8,60
50,3.586707,20146.62,2.5,3.523333333,20.017,57.8,60
50,3.586707,20147.12,3,3.52,20.015,57.8,60
50,3.586707,20147.62,3.5,3.516666667,20.018,57.8,60
50,3.586707,20148.12,4,3.513333333,20.016,57.8,60
50,3.586707,20148.62,4.5,3.511666667,20.016,57.8,60
50,3.586707,20149.12,5,3.508333333,20.014,57.8,60
50,3.586707,20149.62,5.5,3.505,20.01,57.8,60
50,3.586707,20150.12,6,3.503333333,20.015,57.8,60
50,3.586707,20150.62,6.5,3.501666667,20.018,57.8,60
50,3.586707,20151.12,7,3.496666667,20.021,57.8,59.9
50,3.586707,20151.62,7.5,3.495,20.018,57.8,59.9
50,3.586707,20152.12,8,3.491666667,20.021,57.8,59.9
50,3.586707,20152.62,8.5,3.49,20.022,57.8,59.9
50,3.586707,20153.12,9,3.488333333,20.022,57.8,59.9
50,3.586707,20153.62,9.5,3.485,20.024,57.8,59.9
50,3.586707,20154.12,10,3.483333333,20.025,57.8,59.9
50,3.586707,20154.62,10.5,3.48,20.027,57.8,59.9
50,3.586707,20155.12,11,3.478333333,20.024,57.8,59.9
50,3.586707,20155.62,11.5,3.475,20.022,57.8,59.9
50,3.586707,20156.12,12,3.473333333,20.02,57.8,59.9
50,3.586707,20774.3,0.5,3.628333333,-20.006,57.8,60
50,3.586707,20774.8,1,3.633333333,-20,57.8,60
50,3.586707,20775.3,1.5,3.638333333,-19.984,57.8,60
50,3.586707,20775.8,2,3.641666667,-19.974,57.8,60
50,3.586707,20776.3,2.5,3.645,-19.976,57.8,60
50,3.586707,20776.8,3,3.65,-19.975,57.8,60
50,3.586707,20777.3,3.5,3.651666667,-19.988,57.8,60
50,3.586707,20777.8,4,3.653333333,-19.986,57.7,60
50,3.586707,20778.3,4.5,3.658333333,-19.983,57.7,60
50,3.586707,20778.8,5,3.66,-19.985,57.8,60
50,3.586707,20779.3,5.5,3.663333333,-19.993,57.8,60
50,3.586707,20779.8,6,3.666666667,-19.987,57.8,60
50,3.586707,20780.3,6.5,3.668333333,-19.989,57.7,60
50,3.586707,20780.8,7,3.67,-19.999,57.7,60
50,3.586707,20781.3,7.5,3.673333333,-20.002,57.8,60
50,3.586707,20781.8,8,3.675,-20.005,57.8,60
50,3.586707,20782.3,8.5,3.678333333,-20.001,57.8,60
50,3.586707,20782.8,9,3.68,-19.996,57.8,60
50,3.586707,20783.3,9.5,3.683333333,-19.995,57.7,60
50,3.586707,20783.8,10,3.685,-19.989,57.7,60
50,3.586707,20784.3,10.5,3.688333333,-19.988,57.7,60
50,3.586707,20784.8,11,3.69,-19.987,57.7,60
50,3.586707,20785.3,11.5,3.693333333,-19.979,57.7,60
50,3.586707,20785.8,12,3.695,-19.975,57.7,60
50,3.586707,21403.95,0.5,3.525,30.012,57.8,59.9
50,3.586707,21404.45,1,3.516666667,30.022,57.8,59.9
50,3.586707,21404.95,1.5,3.51,30.023,57.8,59.9
50,3.586707,21405.45,2,3.505,30.007,57.8,59.9
50,3.586707,21405.95,2.5,3.5,29.998,57.8,59.9
50,3.586707,21406.45,3,3.495,29.998,57.8,59.9
50,3.586707,21406.95,3.5,3.49,30.004,57.8,59.9
50,3.586707,21407.45,4,3.485,30.023,57.8,59.9
50,3.586707,21407.95,4.5,3.481666667,30.014,57.8,59.9
50,3.586707,21408.45,5,3.476666667,30.019,57.8,59.9
50,3.586707,21408.95,5.5,3.471666667,30.016,57.8,59.9
50,3.586707,21409.45,6,3.468333333,30.019,57.8,59.9
50,3.586707,21409.95,6.5,3.463333333,30.032,57.8,59.9
50,3.586707,21410.45,7,3.46,30.01,57.8,59.9
50,3.586707,21410.95,7.5,3.456666667,29.995,57.8,59.9
50,3.586707,21411.45,8,3.453333333,30.002,57.8,59.9
50,3.586707,21411.95,8.5,3.448333333,30.01,57.8,59.9
50,3.586707,21412.45,9,3.445,30.008,57.8,59.9
50,3.586707,21412.95,9.5,3.441666667,30.012,57.8,59.9
50,3.586707,21413.45,10,3.438333333,30.008,57.8,59.9
50,3.586707,21413.95,10.5,3.435,30.029,57.8,59.9
50,3.586707,21414.45,11,3.431666667,30.017,57.8,59.9
50,3.586707,21414.95,11.5,3.426666667,29.994,57.8,59.9
50,3.586707,21415.45,12,3.423333333,29.984,57.8,59.9
50,3.586707,22033.6,0.5,3.651666667,-30.011,57.8,60
50,3.586707,22034.1,1,3.658333333,-29.979,57.8,60
50,3.586707,22034.6,1.5,3.665,-29.981,57.8,60
50,3.586707,22035.1,2,3.67,-29.998,57.8,60
50,3.586707,22035.6,2.5,3.676666667,-30.015,57.8,60
50,3.586707,22036.1,3,3.681666667,-30.012,57.8,60
50,3.586707,22036.6,3.5,3.685,-30.013,57.8,60
50,3.586707,22037.1,4,3.69,-29.997,57.8,60
50,3.586707,22037.6,4.5,3.693333333,-29.98,57.8,60
50,3.586707,22038.1,5,3.698333333,-29.955,57.8,60
50,3.586707,22038.6,5.5,3.701666667,-29.967,57.8,60
50,3.586707,22039.1,6,3.706666667,-29.98,57.8,60
50,3.586707,22039.6,6.5,3.71,-29.991,57.8,60
50,3.586707,22040.1,7,3.715,-30.022,57.8,60
50,3.586707,22040.6,7.5,3.718333333,-30.018,57.8,60
50,3.586707,22041.1,8,3.72,-30.012,57.8,60
50,3.586707,22041.6,8.5,3.725,-29.99,57.8,60
50,3.586707,22042.1,9,3.728333333,-29.969,57.8,60
50,3.586707,22042.6,9.5,3.733333333,-29.971,57.8,60
50,3.586707,22043.1,10,3.735,-29.997,57.8,59.9
50,3.586707,22043.6,10.5,3.738333333,-30.015,57.8,59.9
50,3.586707,22044.1,11,3.743333333,-30.039,57.8,59.9
50,3.586707,22044.6,11.5,3.746666667,-30.034,57.8,59.9
50,3.586707,22045.1,12,3.75,-30.021,57.8,59.9
50,3.586707,22663.25,0.5,3.5,40.03,57.8,60
50,3.586707,22663.75,1,3.49,40.022,57.8,60
50,3.586707,22664.25,1.5,3.481666667,40.012,57.8,60
50,3.586707,22664.75,2,3.475,40.003,57.8,60
50,3.586707,22665.25,2.5,3.468333333,40.004,57.8,60
50,3.586707,22665.75,3,3.46,40.012,57.8,60
50,3.586707,22666.25,3.5,3.455,40.009,57.8,60
50,3.586707,22666.75,4,3.448333333,40.019,57.8,60
50,3.586707,22667.25,4.5,3.441666667,40.036,57.8,60
50,3.586707,22667.75,5,3.436666667,40.042,57.8,60
50,3.586707,22668.25,5.5,3.431666667,40.028,57.8,60
50,3.586707,22668.75,6,3.426666667,40.015,57.8,60
50,3.586707,22669.25,6.5,3.42,40.008,57.8,60
50,3.586707,22669.75,7,3.415,40.007,57.8,60
50,3.586707,22670.25,7.5,3.41,40.012,57.8,60
50,3.586707,22670.75,8,3.405,40.005,57.8,60
50,3.586707,22671.25,8.5,3.4,40.029,57.8,60
50,3.586707,22671.75,9,3.395,40.023,57.8,60
50,3.586707,22672.25,9.5,3.39,40.021,57.8,60
50,3.586707,22672.75,10,3.385,40,57.8,60
50,3.586707,22673.25,10.5,3.38,39.993,57.8,60
50,3.586707,22673.75,11,3.375,39.994,57.8,60
50,3.586707,22674.25,11.5,3.37,40.004,57.8,60
50,3.586707,22674.75,12,3.366666667,40.007,57.8,60
50,3.586707,23292.9,0.5,3.675,-39.954,57.9,59.9
50,3.586707,23293.4,1,3.683333333,-39.99,57.9,59.9
50,3.586707,23293.9,1.5,3.693333333,-40.011,57.9,59.9
50,3.586707,23294.4,2,3.7,-40.017,57.9,59.9
50,3.586707,23294.9,2.5,3.706666667,-40.023,57.9,59.9
50,3.586707,23295.4,3,3.711666667,-40.033,57.9,60
50,3.586707,23295.9,3.5,3.72,-40.029,57.9,60
50,3.586707,23296.4,4,3.725,-40.031,57.9,60
50,3.586707,23296.9,4.5,3.73,-40.032,57.9,60
50,3.586707,23297.4,5,3.736666667,-40.025,57.9,60
50,3.586707,23297.9,5.5,3.741666667,-40.024,57.8,60
50,3.586707,23298.4,6,3.746666667,-40.012,57.8,60
50,3.586707,23298.9,6.5,3.753333333,-40.011,57.8,60
50,3.586707,23299.4,7,3.756666667,-40.018,57.8,60
50,3.586707,23299.9,7.5,3.761666667,-40.009,57.9,60
50,3.586707,23300.4,8,3.766666667,-40.011,57.9,60
50,3.586707,23300.9,8.5,3.771666667,-40.008,57.9,60
50,3.586707,23301.4,9,3.776666667,-40.01,57.9,60
50,3.586707,23301.9,9.5,3.781666667,-40.006,57.9,60
50,3.586707,23302.4,10,3.786666667,-40.013,57.9,60
50,3.586707,23302.9,10.5,3.79,-40.011,57.9,60
50,3.586707,23303.4,11,3.795,-40.016,57.9,60
50,3.586707,23303.9,11.5,3.8,-40.019,57.9,60
50,3.586707,23304.4,12,3.805,-40.019,57.9,60
50,3.586707,23922.55,0.5,3.478333333,50.018,57.9,59.9
50,3.586707,23923.05,1,3.465,50.011,57.9,59.9
50,3.586707,23923.55,1.5,3.455,50.016,57.9,59.9
50,3.586707,23924.05,2,3.445,50.002,57.9,59.9
50,3.586707,23924.55,2.5,3.436666667,50.011,57.9,59.9
50,3.586707,23925.05,3,3.428333333,50.007,57.9,59.9
50,3.586707,23925.55,3.5,3.42,50.009,57.9,59.9
50,3.586707,23926.05,4,3.413333333,50.011,57.9,59.9
50,3.586707,23926.55,4.5,3.405,50.012,57.9,59.9
50,3.586707,23927.05,5,3.398333333,50.011,57.9,59.9
50,3.586707,23927.55,5.5,3.39,50.017,57.9,59.9
50,3.586707,23928.05,6,3.385,50.013,57.9,59.9
50,3.586707,23928.55,6.5,3.376666667,50.013,57.9,59.9
50,3.586707,23929.05,7,3.371666667,50.026,57.9,59.9
50,3.586707,23929.55,7.5,3.365,50.016,57.9,60
50,3.586707,23930.05,8,3.358333333,50.021,57.9,60
50,3.586707,23930.55,8.5,3.351666667,50.016,57.9,60
50,3.586707,23931.05,9,3.345,50.018,57.9,60
50,3.586707,23931.55,9.5,3.34,50.016,57.9,60
50,3.586707,23932.05,10,3.331666667,50.011,57.9,60
50,3.586707,23932.55,10.5,3.326666667,50.018,57.9,60
50,3.586707,23933.05,11,3.32,50.015,57.9,60
50,3.586707,23933.55,11.5,3.315,50.003,57.9,60
50,3.586707,23934.05,12,3.308333333,50.008,57.9,60
50,3.586707,24552.2,0.5,3.696666667,-49.997,57.8,60
50,3.586707,24552.7,1,3.708333333,-50.012,57.8,60
50,3.586707,24553.2,1.5,3.72,-50.015,57.8,60
50,3.586707,24553.7,2,3.728333333,-50.018,57.8,60
50,3.586707,24554.2,2.5,3.738333333,-50.03,57.8,60
50,3.586707,24554.7,3,3.745,-50.03,57.8,60
50,3.586707,24555.2,3.5,3.753333333,-50.029,57.8,60
50,3.586707,24555.7,4,3.761666667,-50.032,57.8,60
50,3.586707,24556.2,4.5,3.768333333,-50.044,57.8,60
50,3.586707,24556.7,5,3.775,-50.045,57.8,60
50,3.586707,24557.2,5.5,3.781666667,-50.043,57.8,60
50,3.586707,24557.7,6,3.788333333,-50.042,57.8,60
50,3.586707,24558.2,6.5,3.795,-50.043,57.8,60
50,3.586707,24558.7,7,3.8,-50.044,57.8,60
50,3.586707,24559.2,7.5,3.806666667,-50.03,57.8,60
50,3.586707,24559.7,8,3.813333333,-50.039,57.8,60
50,3.586707,24560.2,8.5,3.818333333,-50.029,57.8,60
50,3.586707,24560.7,9,3.825,-50.028,57.8,60
50,3.586707,24561.2,9.5,3.831666667,-50.025,57.8,60
50,3.586707,24561.7,10,3.836666667,-50.02,57.8,60
50,3.586707,24562.2,10.5,3.841666667,-50.007,57.8,60
50,3.586707,24562.7,11,3.848333333,-50.016,57.8,60
50,3.586707,24563.2,11.5,3.853333333,-49.996,57.8,60
50,3.586707,24563.7,12,3.86,-49.993,57.8,60
60,3.717536,26055.91,0.5,3.673333333,20.011,57.9,60
60,3.717536,26056.41,1,3.666666667,20.015,57.9,60
60,3.717536,26056.91,1.5,3.663333333,20.014,57.9,60
60,3.717536,26057.41,2,3.658333333,20.012,57.9,60
60,3.717536,26057.91,2.5,3.656666667,20.026,57.9,60
60,3.717536,26058.41,3,3.651666667,20.006,57.9,60
60,3.717536,26058.91,3.5,3.648333333,20.006,57.9,60
60,3.717536,26059.41,4,3.646666667,19.99,57.9,60
60,3.717536,26059.91,4.5,3.643333333,19.989,57.9,60
60,3.717536,26060.41,5,3.641666667,19.99,57.9,60
60,3.717536,26060.91,5.5,3.636666667,20.007,57.9,60
60,3.717536,26061.41,6,3.635,20.017,57.9,60
60,3.717536,26061.91,6.5,3.633333333,20.009,57.9,60
60,3.717536,26062.41,7,3.63,20.007,57.9,60
60,3.717536,26062.91,7.5,3.628333333,19.999,57.9,60
60,3.717536,26063.41,8,3.625,20.017,57.9,60
60,3.717536,26063.91,8.5,3.621666667,20.012,57.9,60
60,3.717536,26064.41,9,3.62,20.005,57.9,60
60,3.717536,26064.91,9.5,3.618333333,19.995,57.9,60
60,3.717536,26065.41,10,3.615,19.999,57.9,60
60,3.717536,26065.91,10.5,3.613333333,20.018,57.9,60
60,3.717536,26066.41,11,3.61,20.02,57.9,60
60,3.717536,26066.91,11.5,3.608333333,20.013,57.9,60
60,3.717536,26067.41,12,3.606666667,20.015,57.9,60
60,3.717536,26685.56,0.5,3.76,-20.005,57.8,60
60,3.717536,26686.06,1,3.765,-20.003,57.9,60
60,3.717536,26686.56,1.5,3.77,-19.988,57.9,60
60,3.717536,26687.06,2,3.773333333,-19.999,57.9,60
60,3.717536,26687.56,2.5,3.776666667,-19.999,57.9,60
60,3.717536,26688.06,3,3.78,-20.001,57.9,59.9
60,3.717536,26688.56,3.5,3.783333333,-20.004,57.9,59.9
60,3.717536,26689.06,4,3.786666667,-20.022,57.9,59.9
60,3.717536,26689.56,4.5,3.788333333,-20.016,57.9,59.9
60,3.717536,26690.06,5,3.791666667,-20.018,57.9,60
60,3.717536,26690.56,5.5,3.793333333,-20.025,57.9,60
60,3.717536,26691.06,6,3.796666667,-20.021,57.9,59.9
60,3.717536,26691.56,6.5,3.8,-20.013,57.9,59.9
60,3.717536,26692.06,7,3.801666667,-20.025,57.9,60
60,3.717536,26692.56,7.5,3.803333333,-20.022,57.9,60
60,3.717536,26693.06,8,3.806666667,-20.016,57.9,60
60,3.717536,26693.56,8.5,3.81,-20.021,57.9,60
60,3.717536,26694.06,9,3.811666667,-20.018,57.9,59.9
60,3.717536,26694.56,9.5,3.815,-20.013,57.9,59.9
60,3.717536,26695.06,10,3.816666667,-20.006,57.9,59.9
60,3.717536,26695.56,10.5,3.818333333,-19.995,57.9,59.9
60,3.717536,26696.06,11,3.821666667,-19.997,57.9,59.9
60,3.717536,26696.56,11.5,3.823333333,-19.979,57.9,59.9
60,3.717536,26697.06,12,3.825,-19.981,57.9,59.9
60,3.717536,27315.21,0.5,3.655,29.998,57.9,60
60,3.717536,27315.71,1,3.65,29.989,57.9,60
60,3.717536,27316.21,1.5,3.641666667,30.011,57.9,60
60,3.717536,27316.71,2,3.636666667,30.005,57.9,60
60,3.717536,27317.21,2.5,3.631666667,30.02,57.9,60
60,3.717536,27317.71,3,3.626666667,30.019,57.9,60
60,3.717536,27318.21,3.5,3.621666667,30.028,57.9,60
60,3.717536,27318.71,4,3.616666667,30.008,57.9,60
60,3.717536,27319.21,4.5,3.613333333,30.013,57.9,60
60,3.717536,27319.71,5,3.61,29.989,57.9,60
60,3.717536,27320.21,5.5,3.605,29.987,57.9,60
60,3.717536,27320.71,6,3.601666667,29.994,57.9,60
60,3.717536,27321.21,6.5,3.596666667,30.008,57.9,60
60,3.717536,27321.71,7,3.593333333,30.015,57.9,60
60,3.717536,27322.21,7.5,3.59,30.002,57.9,60
60,3.717536,27322.71,8,3.585,30.005,57.9,60
60,3.717536,27323.21,8.5,3.581666667,30.012,57.9,60
60,3.717536,27323.71,9,3.578333333,30.02,57.9,60
60,3.717536,27324.21,9.5,3.575,30.027,57.9,60
60,3.717536,27324.71,10,3.57,30.018,57.9,60
60,3.717536,27325.21,10.5,3.566666667,30.005,57.9,60
60,3.717536,27325.71,11,3.563333333,30,57.9,60
60,3.717536,27326.21,11.5,3.56,30.01,57.9,59.9
60,3.717536,27326.71,12,3.556666667,30.018,57.9,59.9
60,3.717536,27944.86,0.5,3.783333333,-30.021,58,59.9
60,3.717536,27945.36,1,3.79,-30.007,58,59.9
60,3.717536,27945.86,1.5,3.796666667,-29.996,58,59.9
60,3.717536,27946.36,2,3.801666667,-29.996,58,59.9
60,3.717536,27946.86,2.5,3.806666667,-29.988,58,59.9
60,3.717536,27947.36,3,3.811666667,-29.981,58,59.9
60,3.717536,27947.86,3.5,3.816666667,-29.972,58,59.9
60,3.717536,27948.36,4,3.821666667,-29.971,58,59.9
60,3.717536,27948.86,4.5,3.825,-29.968,58,59.9
60,3.717536,27949.36,5,3.828333333,-29.965,58,59.9
60,3.717536,27949.86,5.5,3.833333333,-29.969,58,59.9
60,3.717536,27950.36,6,3.838333333,-29.974,58,59.9
60,3.717536,27950.86,6.5,3.841666667,-29.988,58,59.9
60,3.717536,27951.36,7,3.845,-30.002,58,59.9
60,3.717536,27951.86,7.5,3.848333333,-30.016,58,59.9
60,3.717536,27952.36,8,3.853333333,-30.024,58,59.9
60,3.717536,27952.86,8.5,3.856666667,-30.037,58,59.9
60,3.717536,27953.36,9,3.86,-30.027,58,59.9
60,3.717536,27953.86,9.5,3.863333333,-30.016,58,59.9
60,3.717536,27954.36,10,3.866666667,-30.01,58,59.9
60,3.717536,27954.86,10.5,3.87,-29.998,58,59.9
60,3.717536,27955.36,11,3.873333333,-29.992,58,59.9
60,3.717536,27955.86,11.5,3.878333333,-29.977,58,59.9
60,3.717536,27956.36,12,3.88,-29.977,58,59.9
60,3.717536,28574.51,0.5,3.633333333,40.027,58,59.9
60,3.717536,28575.01,1,3.623333333,40.019,58,59.9
60,3.717536,28575.51,1.5,3.615,40.012,58,59.9
60,3.717536,28576.01,2,3.606666667,40.014,58,59.9
60,3.717536,28576.51,2.5,3.601666667,40.035,58,59.9
60,3.717536,28577.01,3,3.595,40.033,58,59.9
60,3.717536,28577.51,3.5,3.588333333,40.007,58,59.9
60,3.717536,28578.01,4,3.581666667,40.002,58,59.9
60,3.717536,28578.51,4.5,3.576666667,40.009,58,59.9
60,3.717536,28579.01,5,3.57,39.991,58,59.9
60,3.717536,28579.51,5.5,3.565,40.013,58,59.9
60,3.717536,28580.01,6,3.56,40.031,58,59.9
60,3.717536,28580.51,6.5,3.555,40.019,58,59.9
60,3.717536,28581.01,7,3.548333333,40.011,58,59.9
60,3.717536,28581.51,7.5,3.543333333,39.996,58,59.9
60,3.717536,28582.01,8,3.54,40.01,58,59.9
60,3.717536,28582.51,8.5,3.535,40.006,58,59.9
60,3.717536,28583.01,9,3.53,40.028,58,59.9
60,3.717536,28583.51,9.5,3.525,40.028,58,59.9
60,3.717536,28584.01,10,3.52,40.016,58,59.9
60,3.717536,28584.51,10.5,3.513333333,40.007,58,59.9
60,3.717536,28585.01,11,3.51,40.01,58,59.9
60,3.717536,28585.51,11.5,3.505,40.003,58,59.9
60,3.717536,28586.01,12,3.5,39.998,58,59.9
60,3.717536,29204.16,0.5,3.805,-39.999,58,60
60,3.717536,29204.66,1,3.815,-40.009,58,60
60,3.717536,29205.16,1.5,3.823333333,-40.01,58,60
60,3.717536,29205.66,2,3.83,-40.006,58,60
60,3.717536,29206.16,2.5,3.836666667,-39.995,58,60
60,3.717536,29206.66,3,3.843333333,-39.992,58,60
60,3.717536,29207.16,3.5,3.85,-39.982,58,60
60,3.717536,29207.66,4,3.856666667,-39.976,58,60
60,3.717536,29208.16,4.5,3.861666667,-39.978,58,60
60,3.717536,29208.66,5,3.868333333,-39.975,58,60
60,3.717536,29209.16,5.5,3.873333333,-39.971,58,60
60,3.717536,29209.66,6,3.878333333,-39.978,58,60
60,3.717536,29210.16,6.5,3.883333333,-39.977,58,60
60,3.717536,29210.66,7,3.888333333,-39.969,58,60
60,3.717536,29211.16,7.5,3.891666667,-39.978,58,60
60,3.717536,29211.66,8,3.896666667,-39.988,58,60
60,3.717536,29212.16,8.5,3.901666667,-39.983,58,60
60,3.717536,29212.66,9,3.908333333,-39.992,58,60
60,3.717536,29213.16,9.5,3.913333333,-39.993,58,60
60,3.717536,29213.66,10,3.916666667,-40.006,58,60
60,3.717536,29214.16,10.5,3.921666667,-40.001,58,60
60,3.717536,29214.66,11,3.925,-40.017,58,60
60,3.717536,29215.16,11.5,3.93,-40.01,58,60
60,3.717536,29215.66,12,3.935,-40.03,58,60
60,3.717536,29833.81,0.5,3.61,50.009,58,60
60,3.717536,29834.31,1,3.598333333,50.03,58,60
60,3.717536,29834.81,1.5,3.588333333,50.036,58,60
60,3.717536,29835.31,2,3.578333333,50.01,58,60
60,3.717536,29835.81,2.5,3.568333333,49.995,58,60
60,3.717536,29836.31,3,3.561666667,50.002,58,60
60,3.717536,29836.81,3.5,3.553333333,50.015,58,60
60,3.717536,29837.31,4,3.546666667,50.003,58,60
60,3.717536,29837.81,4.5,3.538333333,50.007,58,60
60,3.717536,29838.31,5,3.531666667,50.016,58,60
60,3.717536,29838.81,5.5,3.525,50.038,58,60
60,3.717536,29839.31,6,3.518333333,50.039,58,60
60,3.717536,29839.81,6.5,3.511666667,50.024,58,60
60,3.717536,29840.31,7,3.505,50.024,58,60
60,3.717536,29840.81,7.5,3.5,50.008,58,60
60,3.717536,29841.31,8,3.491666667,50.016,58,60
60,3.717536,29841.81,8.5,3.486666667,50.022,58,60
60,3.717536,29842.31,9,3.48,50.021,58,60
60,3.717536,29842.81,9.5,3.473333333,50.036,58,60
60,3.717536,29843.31,10,3.468333333,50.048,58,60
60,3.717536,29843.81,10.5,3.461666667,50.041,58,60
60,3.717536,29844.31,11,3.456666667,50.028,58,60
60,3.717536,29844.81,11.5,3.45,50.023,58,60
60,3.717536,29845.31,12,3.445,50.004,58,60
60,3.717536,30463.46,0.5,3.826666667,-49.959,58,59.9
60,3.717536,30463.96,1,3.84,-49.963,58,59.9
60,3.717536,30464.46,1.5,3.85,-49.956,58,59.9
60,3.717536,30464.96,2,3.86,-49.964,58,59.9
60,3.717536,30465.46,2.5,3.868333333,-49.961,58,60
60,3.717536,30465.96,3,3.876666667,-49.982,58,60
60,3.717536,30466.46,3.5,3.883333333,-49.984,58,60
60,3.717536,30466.96,4,3.89,-50.006,58,60
60,3.717536,30467.46,4.5,3.898333333,-50.011,58,60
60,3.717536,30467.96,5,3.905,-50.031,58,60
60,3.717536,30468.46,5.5,3.911666667,-50.034,58,59.9
60,3.717536,30468.96,6,3.918333333,-50.051,58,60
60,3.717536,30469.46,6.5,3.925,-50.05,58,60
60,3.717536,30469.96,7,3.93,-50.044,58,60
60,3.717536,30470.46,7.5,3.936666667,-50.035,58,60
60,3.717536,30470.96,8,3.943333333,-50.024,58,60
60,3.717536,30471.46,8.5,3.948333333,-50.006,58,60
60,3.717536,30471.96,9,3.955,-49.988,58,60
60,3.717536,30472.46,9.5,3.96,-49.973,58,60
60,3.717536,30472.96,10,3.966666667,-49.978,58,60
60,3.717536,30473.46,10.5,3.971666667,-49.98,58,60
60,3.717536,30473.96,11,3.978333333,-49.997,58,60
60,3.717536,30474.46,11.5,3.983333333,-50.007,58,60
60,3.717536,30474.96,12,3.99,-50.034,58,60
70,3.842423,31954.62,0.5,3.8,19.996,58,59.9
70,3.842423,31955.12,1,3.795,20.007,58,59.9
70,3.842423,31955.62,1.5,3.79,20.018,58,59.9
70,3.842423,31956.12,2,3.786666667,20.012,58,59.9
70,3.842423,31956.62,2.5,3.783333333,20.018,58,59.9
70,3.842423,31957.12,3,3.78,20.02,58,59.9
70,3.842423,31957.62,3.5,3.776666667,19.999,58,59.9
70,3.842423,31958.12,4,3.773333333,20.006,58,59.9
70,3.842423,31958.62,4.5,3.771666667,20.014,58,59.9
70,3.842423,31959.12,5,3.768333333,20.025,58,59.9
70,3.842423,31959.62,5.5,3.765,20.026,58,59.9
70,3.842423,31960.12,6,3.761666667,20.034,58,59.9
70,3.842423,31960.62,6.5,3.76,20.017,58,59.9
70,3.842423,31961.12,7,3.756666667,20.002,58,59.9
70,3.842423,31961.62,7.5,3.755,20.004,58,59.9
70,3.842423,31962.12,8,3.753333333,20.009,58,59.9
70,3.842423,31962.62,8.5,3.75,20.02,58,59.9
70,3.842423,31963.12,9,3.746666667,20.017,58,59.9
70,3.842423,31963.62,9.5,3.745,20.024,58,59.9
70,3.842423,31964.12,10,3.743333333,20.008,58,59.9
70,3.842423,31964.62,10.5,3.74,20.021,58.1,59.9
70,3.842423,31965.12,11,3.738333333,20.004,58.1,59.9
70,3.842423,31965.62,11.5,3.735,20.002,58.1,59.9
70,3.842423,31966.12,12,3.733333333,19.991,58.1,59.9
70,3.842423,32584.27,0.5,3.886666667,-19.981,58,60
70,3.842423,32584.77,1,3.891666667,-19.988,58,60
70,3.842423,32585.27,1.5,3.896666667,-19.974,58,60
70,3.842423,32585.77,2,3.9,-19.99,58,60
70,3.842423,32586.27,2.5,3.903333333,-19.982,58,60
70,3.842423,32586.77,3,3.905,-19.981,58,60
70,3.842423,32587.27,3.5,3.908333333,-19.993,58,60
70,3.842423,32587.77,4,3.911666667,-20.003,58,60
70,3.842423,32588.27,4.5,3.915,-20.02,58,60
70,3.842423,32588.77,5,3.916666667,-20.025,58,60
70,3.842423,32589.27,5.5,3.92,-20.023,58,60
70,3.842423,32589.77,6,3.923333333,-20.017,58,60
70,3.842423,32590.27,6.5,3.925,-20.017,58,60
70,3.842423,32590.77,7,3.928333333,-20.025,58,60
70,3.842423,32591.27,7.5,3.93,-20.02,58,60
70,3.842423,32591.77,8,3.933333333,-20.005,58,60
70,3.842423,32592.27,8.5,3.935,-20.006,58,60
70,3.842423,32592.77,9,3.938333333,-20,58,60
70,3.842423,32593.27,9.5,3.94,-19.989,58,60
70,3.842423,32593.77,10,3.943333333,-19.991,58,60
70,3.842423,32594.27,10.5,3.945,-19.987,58,60
70,3.842423,32594.77,11,3.946666667,-20,58,60
70,3.842423,32595.27,11.5,3.95,-20.004,58,60
70,3.842423,32595.77,12,3.951666667,-19.994,58,60
70,3.842423,33213.92,0.5,3.783333333,29.998,58.1,60
70,3.842423,33214.42,1,3.775,30.007,58.1,60
70,3.842423,33214.92,1.5,3.768333333,30.007,58.1,60
70,3.842423,33215.42,2,3.763333333,29.991,58.1,60
70,3.842423,33215.92,2.5,3.758333333,29.997,58.1,60
70,3.842423,33216.42,3,3.753333333,30.007,58.1,60
70,3.842423,33216.92,3.5,3.748333333,29.998,58.1,60
70,3.842423,33217.42,4,3.745,30.005,58.1,60
70,3.842423,33217.92,4.5,3.74,30.008,58.1,60
70,3.842423,33218.42,5,3.735,30.016,58.1,60
70,3.842423,33218.92,5.5,3.731666667,30.014,58.1,60
70,3.842423,33219.42,6,3.728333333,30.007,58.1,60
70,3.842423,33219.92,6.5,3.725,30.019,58.1,60
70,3.842423,33220.42,7,3.72,30.015,58.1,60
70,3.842423,33220.92,7.5,3.716666667,30.018,58.1,60
70,3.842423,33221.42,8,3.711666667,30.02,58.1,60
70,3.842423,33221.92,8.5,3.708333333,30.032,58.1,60
70,3.842423,33222.42,9,3.706666667,30.029,58.1,60
70,3.842423,33222.92,9.5,3.701666667,30.032,58.1,60
70,3.842423,33223.42,10,3.698333333,30.022,58.1,60
70,3.842423,33223.92,10.5,3.693333333,30.023,58.1,60
70,3.842423,33224.42,11,3.69,30.03,58.1,60
70,3.842423,33224.92,11.5,3.688333333,30.022,58.1,60
70,3.842423,33225.42,12,3.683333333,30.016,58.1,60
70,3.842423,33843.57,0.5,3.908333333,-29.971,58,60
70,3.842423,33844.07,1,3.915,-30.014,58,60
70,3.842423,33844.57,1.5,3.921666667,-30.023,58,60
70,3.842423,33845.07,2,3.926666667,-30.033,58,60
70,3.842423,33845.57,2.5,3.931666667,-30.042,58,60
70,3.842423,33846.07,3,3.936666667,-30.034,58,60
70,3.842423,33846.57,3.5,3.941666667,-30.026,58,60
70,3.842423,33847.07,4,3.946666667,-30.025,58,60
70,3.842423,33847.57,4.5,3.95,-30.023,58,60
70,3.842423,33848.07,5,3.955,-30.004,58,60
70,3.842423,33848.57,5.5,3.958333333,-30.003,58,60
70,3.842423,33849.07,6,3.961666667,-29.995,58,60
70,3.842423,33849.57,6.5,3.966666667,-29.998,58,60
70,3.842423,33850.07,7,3.97,-29.994,58,60
70,3.842423,33850.57,7.5,3.975,-29.994,58,60
70,3.842423,33851.07,8,3.978333333,-29.999,58,60
70,3.842423,33851.57,8.5,3.981666667,-30.017,58,60
70,3.842423,33852.07,9,3.985,-30.032,58,60
70,3.842423,33852.57,9.5,3.988333333,-30.03,58,60
70,3.842423,33853.07,10,3.991666667,-30.032,58,60
70,3.842423,33853.57,10.5,3.995,-30.034,58,60
70,3.842423,33854.07,11,3.998333333,-30.031,58,60
70,3.842423,33854.57,11.5,4.001666667,-30.009,58,60
70,3.842423,33855.07,12,4.005,-30.012,58,60
70,3.842423,34473.22,0.5,3.76,40.009,58,60
70,3.842423,34473.72,1,3.75,40.026,58,60
70,3.842423,34474.22,1.5,3.741666667,40.043,58,60
70,3.842423,34474.72,2,3.735,40.035,58,60
70,3.842423,34475.22,2.5,3.728333333,40.028,58,60
70,3.842423,34475.72,3,3.721666667,40.017,58,60
70,3.842423,34476.22,3.5,3.715,40.007,58,60
70,3.842423,34476.72,4,3.708333333,40.014,58,60
70,3.842423,34477.22,4.5,3.701666667,40.017,58,60
70,3.842423,34477.72,5,3.698333333,40.009,58,60
70,3.842423,34478.22,5.5,3.691666667,40.01,58,60
70,3.842423,34478.72,6,3.688333333,40.014,58,60
70,3.842423,34479.22,6.5,3.681666667,39.997,58,60
70,3.842423,34479.72,7,3.676666667,40.002,58,60
70,3.842423,34480.22,7.5,3.671666667,39.99,58,59.9
70,3.842423,34480.72,8,3.666666667,39.988,58,59.9
70,3.842423,34481.22,8.5,3.661666667,39.978,58,59.9
70,3.842423,34481.72,9,3.658333333,39.977,58,59.9
70,3.842423,34482.22,9.5,3.651666667,39.99,58,60
70,3.842423,34482.72,10,3.646666667,39.981,58,60
70,3.842423,34483.22,10.5,3.643333333,40.005,58.1,60
70,3.842423,34483.72,11,3.638333333,40.007,58.1,60
70,3.842423,34484.22,11.5,3.633333333,40.024,58,60
70,3.842423,34484.72,12,3.628333333,40.021,58,60
70,3.842423,35102.87,0.5,3.93,-39.979,58.1,59.9
70,3.842423,35103.37,1,3.94,-39.999,58.1,59.9
70,3.842423,35103.87,1.5,3.948333333,-40.017,58.1,60
70,3.842423,35104.37,2,3.955,-40.003,58.1,60
70,3.842423,35104.87,2.5,3.961666667,-39.961,58.1,60
70,3.842423,35105.37,3,3.97,-39.959,58.1,60
70,3.842423,35105.87,3.5,3.976666667,-40.013,58.1,60
70,3.842423,35106.37,4,3.981666667,-40.033,58.1,60
70,3.842423,35106.87,4.5,3.986666667,-40.04,58.1,60
70,3.842423,35107.37,5,3.991666667,-40.01,58.1,60
70,3.842423,35107.87,5.5,3.998333333,-39.981,58.1,60
70,3.842423,35108.37,6,4.003333333,-39.993,58.1,60
70,3.842423,35108.87,6.5,4.008333333,-40.034,58.1,60
70,3.842423,35109.37,7,4.013333333,-40.039,58.1,60
70,3.842423,35109.87,7.5,4.018333333,-40.02,58.1,60
70,3.842423,35110.37,8,4.023333333,-39.975,58.1,60
70,3.842423,35110.87,8.5,4.026666667,-39.977,58.1,60
70,3.842423,35111.37,9,4.033333333,-40.006,58.1,60
70,3.842423,35111.87,9.5,4.038333333,-40.021,58.1,60
70,3.842423,35112.37,10,4.041666667,-40.022,58.1,60
70,3.842423,35112.87,10.5,4.046666667,-39.993,58.1,60
70,3.842423,35113.37,11,4.051666667,-39.963,58.1,60
70,3.842423,35113.87,11.5,4.055,-39.947,58.1,60
70,3.842423,35114.37,12,4.06,-39.976,58.1,60
70,3.842423,35732.52,0.5,3.738333333,50.009,58,59.9
70,3.842423,35733.02,1,3.726666667,50.005,58,59.9
70,3.842423,35733.52,1.5,3.715,50.005,58,59.9
70,3.842423,35734.02,2,3.705,50.015,58,59.9
70,3.842423,35734.52,2.5,3.696666667,50.027,58,59.9
70,3.842423,35735.02,3,3.688333333,50.022,58,59.9
70,3.842423,35735.52,3.5,3.681666667,50.012,58,59.9
70,3.842423,35736.02,4,3.673333333,50.014,58,59.9
70,3.842423,35736.52,4.5,3.666666667,50.001,58,59.9
70,3.842423,35737.02,5,3.658333333,50.016,58,60
70,3.842423,35737.52,5.5,3.651666667,50.03,58,60
70,3.842423,35738.02,6,3.646666667,50.015,58,60
70,3.842423,35738.52,6.5,3.64,50.003,58,60
70,3.842423,35739.02,7,3.633333333,50.007,58,60
70,3.842423,35739.52,7.5,3.628333333,50.003,58,60
70,3.842423,35740.02,8,3.621666667,50.001,58,60
70,3.842423,35740.52,8.5,3.615,49.994,58,60
70,3.842423,35741.02,9,3.608333333,50.024,58,60
70,3.842423,35741.52,9.5,3.603333333,50.035,58,60
70,3.842423,35742.02,10,3.596666667,50.016,58,60
70,3.842423,35742.52,10.5,3.591666667,50.013,58,60
70,3.842423,35743.02,11,3.585,50.005,58,60
70,3.842423,35743.52,11.5,3.578333333,50.022,58,60
70,3.842423,35744.02,12,3.573333333,50.007,58,60
70,3.842423,36362.17,0.5,3.953333333,-50.03,58.1,60
70,3.842423,36362.67,1,3.965,-50.005,58.1,60
70,3.842423,36363.17,1.5,3.975,-49.981,58.1,60
70,3.842423,36363.67,2,3.985,-49.964,58.1,60
70,3.842423,36364.17,2.5,3.993333333,-49.977,58.1,60
70,3.842423,36364.67,3,4.001666667,-49.987,58.1,60
70,3.842423,36365.17,3.5,4.01,-50.011,58.1,60
70,3.842423,36365.67,4,4.016666667,-50.035,58.1,60
70,3.842423,36366.17,4.5,4.023333333,-50.052,58.1,60
70,3.842423,36366.67,5,4.03,-50.054,58.1,60
70,3.842423,36367.17,5.5,4.038333333,-50.055,58.1,60
70,3.842423,36367.67,6,4.043333333,-50.037,58.1,60
70,3.842423,36368.17,6.5,4.05,-50.024,58.1,60
70,3.842423,36368.67,7,4.056666667,-50,58.1,60
70,3.842423,36369.17,7.5,4.063333333,-49.997,58.1,60
70,3.842423,36369.67,8,4.068333333,-49.978,58.1,60
70,3.842423,36370.17,8.5,4.075,-49.98,58.1,60
70,3.842423,36370.67,9,4.08,-49.989,58.1,60
70,3.842423,36371.17,9.5,4.086666667,-50.003,58.1,60
70,3.842423,36371.67,10,4.091666667,-50.026,58.1,60
70,3.842423,36372.17,10.5,4.098333333,-50.044,58.1,60
70,3.842423,36372.67,11,4.103333333,-50.061,58.1,60
70,3.842423,36373.17,11.5,4.108333333,-50.048,58.1,60
70,3.842423,36373.67,12,4.115,-50.035,58.1,60
80,3.964231,37851.1,0.5,3.925,20.016,58,60
80,3.964231,37851.6,1,3.92,20.007,58,60
80,3.964231,37852.1,1.5,3.916666667,20.014,58,60
80,3.964231,37852.6,2,3.913333333,20.014,58,60
80,3.964231,37853.1,2.5,3.908333333,20.006,58,60
80,3.964231,37853.6,3,3.905,20.015,58,60
80,3.964231,37854.1,3.5,3.901666667,20.007,58,60
80,3.964231,37854.6,4,3.9,20.014,58,60
80,3.964231,37855.1,4.5,3.896666667,20.009,58,60
80,3.964231,37855.6,5,3.893333333,20.018,58,60
80,3.964231,37856.1,5.5,3.891666667,20.015,58,60
80,3.964231,37856.6,6,3.888333333,20.015,58,60
80,3.964231,37857.1,6.5,3.885,20.016,58,60
80,3.964231,37857.6,7,3.883333333,20.022,58,60
80,3.964231,37858.1,7.5,3.881666667,20.025,58,60
80,3.964231,37858.6,8,3.878333333,20.024,58.1,60
80,3.964231,37859.1,8.5,3.875,20.025,58.1,60
80,3.964231,37859.6,9,3.873333333,20.018,58,60
80,3.964231,37860.1,9.5,3.871666667,20.023,58,60
80,3.964231,37860.6,10,3.868333333,20.009,58.1,60
80,3.964231,37861.1,10.5,3.866666667,20.007,58.1,60
80,3.964231,37861.6,11,3.863333333,20.016,58.1,60
80,3.964231,37862.1,11.5,3.861666667,20.013,58.1,60
80,3.964231,37862.6,12,3.86,20.023,58.1,60
80,3.964231,38480.77,0.5,4.011666667,-19.975,58.1,59.9
80,3.964231,38481.27,1,4.015,-19.989,58.1,59.9
80,3.964231,38481.77,1.5,4.02,-19.984,58.1,59.9
80,3.964231,38482.27,2,4.023333333,-19.985,58.1,59.9
80,3.964231,38482.77,2.5,4.026666667,-19.988,58.1,59.9
80,3.964231,38483.27,3,4.031666667,-19.986,58.1,59.9
80,3.964231,38483.77,3.5,4.033333333,-19.983,58.1,59.9
80,3.964231,38484.27,4,4.036666667,-19.984,58.1,59.9
80,3.964231,38484.77,4.5,4.04,-19.989,58.1,59.9
80,3.964231,38485.27,5,4.043333333,-19.993,58.1,59.9
80,3.964231,38485.77,5.5,4.045,-20.004,58.1,59.9
80,3.964231,38486.27,6,4.046666667,-19.994,58.1,59.9
80,3.964231,38486.77,6.5,4.05,-19.985,58.1,59.9
80,3.964231,38487.27,7,4.053333333,-19.99,58.1,59.9
80,3.964231,38487.77,7.5,4.055,-20.004,58.1,59.9
80,3.964231,38488.27,8,4.056666667,-20.013,58.1,59.9
80,3.964231,38488.77,8.5,4.06,-20.004,58.1,59.9
80,3.964231,38489.27,9,4.063333333,-20.004,58.1,59.9
80,3.964231,38489.77,9.5,4.065,-20.003,58.1,59.9
80,3.964231,38490.27,10,4.066666667,-20.004,58.1,59.9
80,3.964231,38490.77,10.5,4.068333333,-19.987,58.1,59.9
80,3.964231,38491.27,11,4.071666667,-19.983,58.1,59.9
80,3.964231,38491.77,11.5,4.073333333,-19.975,58.1,59.9
80,3.964231,38492.27,12,4.075,-19.982,58.1,59.9
80,3.964231,39110.42,0.5,3.908333333,30.017,58,60
80,3.964231,39110.92,1,3.901666667,30.014,58,60
80,3.964231,39111.42,1.5,3.895,30.015,58,60
80,3.964231,39111.92,2,3.888333333,30.006,58,60
80,3.964231,39112.42,2.5,3.883333333,30.016,58,60
80,3.964231,39112.92,3,3.878333333,30.003,58,60
80,3.964231,39113.42,3.5,3.873333333,30.008,58,60
80,3.964231,39113.92,4,3.87,30.001,58,60
80,3.964231,39114.42,4.5,3.865,30.004,58,60
80,3.964231,39114.92,5,3.861666667,30,58,60
80,3.964231,39115.42,5.5,3.856666667,29.998,58,60
80,3.964231,39115.92,6,3.853333333,29.992,58,60
80,3.964231,39116.42,6.5,3.85,29.998,58,60
80,3.964231,39116.92,7,3.846666667,30.009,58,60
80,3.964231,39117.42,7.5,3.843333333,30.005,58,60
80,3.964231,39117.92,8,3.838333333,30.006,58,60
80,3.964231,39118.42,8.5,3.835,30.001,58,60
80,3.964231,39118.92,9,3.831666667,30.005,58,60
80,3.964231,39119.42,9.5,3.828333333,30,58,60
80,3.964231,39119.92,10,3.825,30.001,58,60
80,3.964231,39120.42,10.5,3.82,30.019,58,60
80,3.964231,39120.92,11,3.816666667,30.01,58,60
80,3.964231,39121.42,11.5,3.813333333,30.014,58,60
80,3.964231,39121.92,12,3.81,30.029,58,60
80,3.964231,39740.07,0.5,4.033333333,-30.015,58,60
80,3.964231,39740.57,1,4.04,-30.017,58,60
80,3.964231,39741.07,1.5,4.048333333,-30.012,58,60
80,3.964231,39741.57,2,4.051666667,-30.01,58,60
80,3.964231,39742.07,2.5,4.056666667,-30.001,58,60
80,3.964231,39742.57,3,4.063333333,-30.001,58,60
80,3.964231,39743.07,3.5,4.066666667,-29.989,58,60
80,3.964231,39743.57,4,4.071666667,-29.981,58,60
80,3.964231,39744.07,4.5,4.076666667,-29.973,58,60
80,3.964231,39744.57,5,4.08,-29.981,58,60
80,3.964231,39745.07,5.5,4.083333333,-29.986,58,60
80,3.964231,39745.57,6,4.086666667,-29.998,58,60
80,3.964231,39746.07,6.5,4.091666667,-30.005,58,60
80,3.964231,39746.57,7,4.095,-30.012,58,60
80,3.964231,39747.07,7.5,4.098333333,-30.021,58,60
80,3.964231,39747.57,8,4.101666667,-30.025,58,60
80,3.964231,39748.07,8.5,4.106666667,-30.003,58,59.9
80,3.964231,39748.57,9,4.11,-29.977,58,59.9
80,3.964231,39749.07,9.5,4.113333333,-29.965,58,59.9
80,3.964231,39749.57,10,4.116666667,-29.974,58,59.9
80,3.964231,39750.07,10.5,4.12,-29.985,58,59.9
80,3.964231,39750.57,11,4.123333333,-30.002,58,59.9
80,3.964231,39751.07,11.5,4.126666667,-29.998,58,60
80,3.964231,39751.57,12,4.13,-30.005,58,60
80,3.964231,40369.72,0.5,3.886666667,39.99,58.1,60
80,3.964231,40370.22,1,3.876666667,39.992,58.1,60
80,3.964231,40370.72,1.5,3.868333333,40.021,58.1,60
80,3.964231,40371.22,2,3.86,40.025,58.1,60
80,3.964231,40371.72,2.5,3.853333333,40.017,58.1,60
80,3.964231,40372.22,3,3.846666667,40.014,58.1,60
80,3.964231,40372.72,3.5,3.841666667,40.024,58.1,60
80,3.964231,40373.22,4,3.835,40.007,58.1,60
80,3.964231,40373.72,4.5,3.828333333,40.003,58.1,60
80,3.964231,40374.22,5,3.823333333,40.019,58.1,60
80,3.964231,40374.72,5.5,3.818333333,40.036,58.1,60
80,3.964231,40375.22,6,3.813333333,40.049,58.1,60
80,3.964231,40375.72,6.5,3.808333333,40.043,58.1,60
80,3.964231,40376.22,7,3.801666667,40.026,58.1,60
80,3.964231,40376.72,7.5,3.798333333,40.017,58.1,60
80,3.964231,40377.22,8,3.793333333,40.013,58.1,60
80,3.964231,40377.72,8.5,3.788333333,40.001,58.1,60
80,3.964231,40378.22,9,3.783333333,40.006,58.1,60
80,3.964231,40378.72,9.5,3.778333333,40.02,58.1,60
80,3.964231,40379.22,10,3.773333333,40.039,58.1,60
80,3.964231,40379.72,10.5,3.768333333,40.029,58.1,60
80,3.964231,40380.22,11,3.765,40.012,58.1,60
80,3.964231,40380.72,11.5,3.76,40.007,58.1,60
80,3.964231,40381.22,12,3.755,40.008,58.1,60
80,3.964231,40999.37,0.5,4.055,-39.964,58.1,59.9
80,3.964231,40999.87,1,4.065,-39.964,58,59.9
80,3.964231,41000.37,1.5,4.073333333,-39.965,58,59.9
80,3.964231,41000.87,2,4.08,-39.966,58.1,59.9
80,3.964231,41001.37,2.5,4.088333333,-39.966,58.1,59.9
80,3.964231,41001.87,3,4.093333333,-39.972,58,59.9
80,3.964231,41002.37,3.5,4.1,-39.973,58,59.9
80,3.964231,41002.87,4,4.106666667,-39.972,58.1,59.9
80,3.964231,41003.37,4.5,4.113333333,-39.969,58.1,59.9
80,3.964231,41003.87,5,4.116666667,-39.978,58.1,59.9
80,3.964231,41004.37,5.5,4.121666667,-39.977,58.1,59.9
80,3.964231,41004.87,6,4.128333333,-39.978,58.1,59.9
80,3.964231,41005.37,6.5,4.133333333,-39.965,58.1,59.9
80,3.964231,41005.87,7,4.138333333,-39.974,58.1,59.9
80,3.964231,41006.37,7.5,4.143333333,-39.976,58.1,59.9
80,3.964231,41006.87,8,4.148333333,-39.976,58.1,59.9
80,3.964231,41007.37,8.5,4.153333333,-39.969,58.1,59.9
80,3.964231,41007.87,9,4.158333333,-39.978,58.1,59.9
80,3.964231,41008.37,9.5,4.161666667,-39.996,58,59.9
80,3.964231,41008.87,10,4.166666667,-39.996,58,59.9
80,3.964231,41009.37,10.5,4.171666667,-40.014,58,59.9
80,3.964231,41009.87,11,4.176666667,-40.01,58.1,59.9
80,3.964231,41010.37,11.5,4.18,-40.018,58.1,59.9
80,3.964231,41010.87,12,4.185,-40.016,58.1,59.9
80,3.964231,41629.02,0.5,3.865,49.987,58.1,59.9
80,3.964231,41629.52,1,3.851666667,49.988,58.1,59.9
80,3.964231,41630.02,1.5,3.841666667,49.988,58.1,60
80,3.964231,41630.52,2,3.831666667,49.983,58.1,60
80,3.964231,41631.02,2.5,3.823333333,49.991,58.1,59.9
80,3.964231,41631.52,3,3.816666667,49.981,58.1,59.9
80,3.964231,41632.02,3.5,3.808333333,49.993,58.1,60
80,3.964231,41632.52,4,3.8,49.989,58.1,60
80,3.964231,41633.02,4.5,3.793333333,49.997,58.1,60
80,3.964231,41633.52,5,3.786666667,49.986,58.1,60
80,3.964231,41634.02,5.5,3.78,49.991,58,60
80,3.964231,41634.52,6,3.773333333,49.995,58,60
80,3.964231,41635.02,6.5,3.766666667,49.998,58,60
80,3.964231,41635.52,7,3.76,50.001,58,60
80,3.964231,41636.02,7.5,3.753333333,50.012,58,60
80,3.964231,41636.52,8,3.748333333,50.01,58,60
80,3.964231,41637.02,8.5,3.741666667,50.015,58,60
80,3.964231,41637.52,9,3.736666667,50.008,58,60
80,3.964231,41638.02,9.5,3.73,50.008,58,60
80,3.964231,41638.52,10,3.723333333,50.011,58,60
80,3.964231,41639.02,10.5,3.718333333,50.012,58,60
80,3.964231,41639.52,11,3.711666667,50.014,58,60
80,3.964231,41640.02,11.5,3.706666667,50.012,58,60
80,3.964231,41640.52,12,3.7,50.026,58,60
80,3.964231,42258.67,0.5,4.078333333,-50.009,57.5,60
80,3.964231,42259.17,1,4.09,-50.013,57.5,60
80,3.964231,42259.67,1.5,4.1,-50.03,58,60
80,3.964231,42260.17,2,4.11,-50.026,58,60
80,3.964231,42260.67,2.5,4.118333333,-50.001,58.1,60
80,3.964231,42261.17,3,4.126666667,-49.973,58.1,60
80,3.964231,42261.67,3.5,4.135,-49.996,58.1,60
80,3.964231,42262.17,4,4.141666667,-50.033,58,60
80,3.964231,42262.67,4.5,4.148333333,-50.052,58,60
80,3.964231,42263.17,5,4.155,-50.055,58,60
80,3.964231,42263.67,5.5,4.161666667,-50.021,58,60
80,3.964231,42264.17,6,4.168333333,-49.973,58,60
80,3.964231,42264.67,6.5,4.175,-49.987,58,60
80,3.964231,42265.17,7,4.18,-50.016,58,60
80,3.964231,42265.67,7.5,4.188333333,-50.04,58,60
80,3.964231,42266.17,8,4.193333333,-50.028,58,60
80,3.964231,42266.67,8.5,4.198333333,-50.012,58,60
80,3.964231,42266.77,8.6,4.2,-50.014,58,60
