Total Time,Step Time,Voltage [V],Current [A],Battery Temperature [ÅãC],Chamber Temperature [ÅãC]
7.06,1,20.83,9.979,28,25.9
8.06,2,20.8,9.985,28,25.9
9.06,3,20.77,9.999,27.9,25.9
10.06,4,20.74,10.004,27.9,25.9
11.06,5,20.72,9.992,27.9,25.8
12.06,6,20.7,9.989,27.9,25.8
13.06,7,20.68,9.995,27.8,25.8
14.06,8,20.66,10.017,27.8,25.8
15.06,9,20.64,10.005,27.8,25.8
16.06,10,20.62,9.989,27.8,25.8
17.06,11,20.61,9.985,27.8,25.8
18.06,12,20.59,9.984,27.8,25.7
19.06,13,20.57,9.998,27.8,25.7
20.06,14,20.56,10.007,27.7,25.7
21.06,15,20.54,9.993,27.7,25.7
22.06,16,20.52,9.989,27.7,25.7
23.06,17,20.51,10,27.7,25.7
24.06,18,20.49,10,27.7,25.6
25.06,19,20.48,9.989,27.7,25.6
26.06,20,20.46,10.004,27.6,25.6
27.06,21,20.45,10.002,27.6,25.6
28.06,22,20.43,9.975,27.6,25.6
29.06,23,20.41,9.996,27.6,25.6
30.06,24,20.4,10.009,27.5,25.5
31.06,25,20.38,9.989,27.5,25.5
32.06,26,20.37,9.981,27.5,25.5
33.06,27,20.35,10,27.5,25.5
34.06,28,20.34,10.002,27.5,25.5
35.06,29,20.32,9.989,27.5,25.4
36.06,30,20.3,9.992,27.4,25.4
37.06,31,20.29,10.016,27.4,25.4
38.06,32,20.28,9.995,27.4,25.4
39.06,33,20.26,9.978,27.4,25.4
40.06,34,20.24,9.985,27.4,25.4
41.06,35,20.23,10.001,27.3,25.3
42.06,36,20.21,9.991,27.3,25.3
43.06,37,20.2,9.99,27.4,25.3
44.06,38,20.18,10.01,27.3,25.3
45.06,39,20.17,10.002,27.3,25.3
46.06,40,20.15,9.988,27.3,25.3
47.06,41,20.13,9.997,27.2,25.2
48.06,42,20.12,10.01,27.2,25.2
49.06,43,20.1,9.98,27.2,25.2
50.06,44,20.09,9.984,27.2,25.2
51.06,45,20.07,9.999,27.2,25.2
52.06,46,20.05,10.006,27.2,25.2
53.06,47,20.04,9.988,27.2,25.2
54.06,48,20.02,9.982,27.2,25.1
55.06,49,20.01,9.985,27.2,25.1
56.06,50,19.99,9.997,27.1,25.1
57.06,51,19.98,10.001,27.1,25.1
58.06,52,19.96,10.002,27.1,25.1
59.06,53,19.94,9.994,27.1,25.1
60.06,54,19.93,9.99,27.1,25
61.06,55,19.91,9.987,27.1,25
62.06,56,19.9,9.991,27,25
63.06,57,19.89,9.99,27,25
64.06,58,19.87,9.988,27,25
65.06,59,19.85,9.991,27,25
66.06,60,19.84,9.997,27,24.9
67.06,61,19.82,10.006,27.1,24.9
68.06,62,19.8,10.008,27.1,24.9
69.06,63,19.79,10.012,27,24.9
70.06,64,19.77,10.009,27,24.9
71.06,65,19.75,10.001,27,24.9
72.06,66,19.74,9.992,27,24.8
73.06,67,19.72,9.987,27,24.8
74.06,68,19.71,9.979,27,24.8
75.06,69,19.69,9.983,26.9,24.8
76.06,70,19.67,9.991,26.9,24.8
77.06,71,19.66,10,26.9,24.8
78.06,72,19.65,9.996,26.9,24.7
79.06,73,19.63,9.985,26.9,24.7
80.06,74,19.62,9.985,26.9,24.7
81.06,75,19.6,9.994,26.9,24.7
82.06,76,19.58,10.009,26.9,24.7
83.06,77,19.56,10.004,26.8,24.7
84.06,78,19.55,9.988,26.8,24.7
85.06,79,19.53,9.995,26.8,24.7
86.06,80,19.51,10.018,26.8,24.7
87.06,81,19.5,9.982,26.8,24.7
88.06,82,19.48,9.979,26.8,24.7
89.06,83,19.47,10.008,26.8,24.7
90.06,84,19.45,9.983,26.8,24.7
91.06,85,19.43,10,26.8,24.7
92.06,86,19.42,9.99,26.8,24.7
93.06,87,19.4,10.005,26.8,24.7
94.06,88,19.39,9.993,26.8,24.7
95.06,89,19.37,9.988,26.8,24.7
96.06,90,19.36,9.992,26.8,24.7
97.06,91,19.34,9.991,26.7,24.7
98.06,92,19.32,9.996,26.8,24.7
99.06,93,19.31,9.993,26.8,24.7
100.06,94,19.29,9.999,26.7,24.7
101.06,95,19.27,9.986,26.7,24.7
102.06,96,19.26,10.004,26.8,24.6
103.06,97,19.24,9.984,26.7,24.7
104.06,98,19.22,10.009,26.7,24.7
105.06,99,19.21,9.992,26.7,24.7
106.06,100,19.19,9.997,26.7,24.7
107.06,101,19.17,10,26.7,24.7
108.06,102,19.15,9.979,26.7,24.7
109.06,103,19.14,10.001,26.7,24.7
110.06,104,19.12,9.985,26.8,24.7
111.06,105,19.11,10.005,26.7,24.7
112.06,106,19.09,9.991,26.7,24.7
113.06,107,19.07,10.011,26.7,24.7
114.06,108,19.05,9.983,26.7,24.7
115.06,109,19.04,9.995,26.7,24.7
116.06,110,19.02,10.004,26.7,24.7
117.06,111,19,9.981,26.7,24.7
118.06,112,18.98,10.005,26.7,24.7
119.06,113,18.97,9.988,26.7,24.7
120.06,114,18.95,10.003,26.7,24.7
121.06,115,18.94,9.997,26.7,24.7
122.06,116,18.92,9.978,26.6,24.7
123.06,117,18.9,10.002,26.7,24.7
124.06,118,18.89,9.995,26.7,24.7
125.06,119,18.87,9.989,26.7,24.7
126.06,120,18.85,10.007,26.7,24.7
127.06,121,18.83,10,26.7,24.7
128.06,122,18.81,9.984,26.7,24.7
129.06,123,18.8,10.001,26.7,24.7
130.06,124,18.78,10.015,26.7,24.7
131.06,125,18.76,9.987,26.7,24.7
132.06,126,18.74,9.979,26.7,24.7
133.06,127,18.72,9.996,26.7,24.7
134.06,128,18.71,10.009,26.7,24.7
135.06,129,18.7,9.991,26.7,24.7
136.06,130,18.68,9.981,26.7,24.7
137.06,131,18.66,9.997,26.6,24.7
138.06,132,18.64,10.004,26.6,24.7
139.06,133,18.62,9.997,26.6,24.7
140.06,134,18.6,9.986,26.6,24.7
141.06,135,18.58,9.985,26.6,24.7
142.06,136,18.57,9.993,26.6,24.7
143.06,137,18.55,10.002,26.6,24.7
144.06,138,18.53,10.01,26.6,24.7
145.06,139,18.51,10.012,26.6,24.7
146.06,140,18.49,10.014,26.6,24.7
147.06,141,18.47,10.011,26.6,24.7
148.06,142,18.47,10.009,26.6,24.7
149.06,143,18.45,10.011,26.6,24.8
150.06,144,18.43,10.013,26.6,24.8
151.06,145,18.41,10.015,26.6,24.8
152.06,146,18.39,10.018,26.5,24.8
153.06,147,18.37,10.012,26.5,24.8
154.06,148,18.36,10.011,26.5,24.8
155.06,149,18.33,10.009,26.5,24.8
156.06,150,18.32,10.01,26.5,24.8
157.06,151,18.3,10.01,26.5,24.8
158.06,152,18.28,10.01,26.5,24.8
159.06,153,18.26,10.005,26.5,24.8
160.06,154,18.25,9.997,26.5,24.8
161.06,155,18.23,9.992,26.5,24.8
162.06,156,18.2,9.985,26.5,24.8
163.06,157,18.19,9.991,26.5,24.8
164.06,158,18.17,9.994,26.5,24.8
165.06,159,18.15,9.992,26.5,24.8
166.06,160,18.14,10.003,26.5,24.8
167.06,161,18.11,10.006,26.5,24.8
168.06,162,18.09,10.006,26.5,24.8
169.06,163,18.08,10.002,26.5,24.8
170.06,164,18.05,9.995,26.5,24.8
171.06,165,18.03,9.979,26.5,24.8
172.06,166,18.02,9.977,26.5,24.8
173.06,167,18,9.982,26.5,24.8
174.06,168,17.98,9.994,26.5,24.8
175.06,169,17.96,10.006,26.5,24.8
176.06,170,17.94,10.004,26.5,24.8
177.06,171,17.92,9.995,26.5,24.8
178.06,172,17.9,9.982,26.5,24.8
179.06,173,17.89,9.977,26.5,24.8
180.06,174,17.87,9.98,26.5,24.8
181.06,175,17.85,9.993,26.5,24.8
182.06,176,17.83,10.013,26.5,24.8
183.06,177,17.81,10.009,26.5,24.8
184.06,178,17.79,9.996,26.4,24.8
185.06,179,17.77,9.986,26.4,24.8
186.06,180,17.75,9.99,26.4,24.8
187.06,181,17.73,10.001,26.4,24.8
188.06,182,17.71,10.009,26.4,24.8
189.06,183,17.69,9.989,26.4,24.8
190.06,184,17.67,9.986,26.4,24.8
191.06,185,17.66,9.997,26.4,24.8
192.06,186,17.63,9.981,26.4,24.8
193.06,187,17.62,9.992,26.4,24.8
194.06,188,17.6,10.011,26.4,24.8
195.06,189,17.58,9.988,26.4,24.8
196.06,190,17.55,9.994,26.4,24.8
197.06,191,17.54,10.005,26.4,24.8
198.06,192,17.52,9.983,26.4,24.8
199.06,193,17.5,10.003,26.4,24.8
200.06,194,17.48,9.997,26.4,24.8
201.06,195,17.46,9.976,26.4,24.8
202.06,196,17.44,10.008,26.4,24.8
203.06,197,17.42,9.996,26.4,24.8
204.06,198,17.4,9.983,26.4,24.8
205.06,199,17.38,10.004,26.4,24.8
206.06,200,17.36,9.998,26.4,24.8
207.06,201,17.34,9.989,26.4,24.8
208.06,202,17.32,9.999,26.4,24.8
209.06,203,17.3,9.999,26.4,24.8
210.06,204,17.28,9.98,26.4,24.8
211.06,205,17.26,9.985,26.4,24.8
212.06,206,17.24,10.002,26.3,24.8
213.06,207,17.22,10.011,26.4,24.8
214.06,208,17.2,9.993,26.3,24.8
215.06,209,17.18,9.99,26.4,24.8
216.06,210,17.16,9.991,26.4,24.8
217.06,211,17.14,9.993,26.4,24.8
218.06,212,17.12,10.001,26.4,24.8
219.06,213,17.1,10.006,26.4,24.8
220.06,214,17.08,10.003,26.4,24.8
221.06,215,17.06,10.001,26.4,24.8
222.06,216,17.04,9.998,26.4,24.8
223.06,217,17.01,9.991,26.4,24.8
224.06,218,16.99,9.985,26.4,24.8
225.06,219,16.97,9.984,26.4,24.8
226.06,220,16.95,9.986,26.4,24.8
227.06,221,16.93,9.99,26.4,24.8
228.06,222,16.91,9.996,26.4,24.8
229.06,223,16.89,10.001,26.4,24.8
230.06,224,16.87,10.003,26.4,24.8
231.06,225,16.84,9.995,26.4,24.8
232.06,226,16.82,9.98,26.3,24.8
233,226.94,16.8,9.978,26.3,24.8
2374.17,0.5,18.63,10.004,55.5,60
2374.67,1,18.61,10.017,55.5,60
2375.17,1.5,18.59,10.028,55.5,60
2375.67,2,18.58,10.018,55.5,60
2376.17,2.5,18.56,10.007,55.4,60
2376.67,3,18.55,10.009,55.4,60
2377.17,3.5,18.54,10.008,55.5,60
2377.67,4,18.53,10.012,55.5,60
2378.17,4.5,18.52,10.02,55.5,60
2378.67,5,18.51,10.021,55.5,60
2379.17,5.5,18.5,10.006,55.5,60
2379.67,6,18.49,10.018,55.5,60
2380.17,6.5,18.48,10.002,55.4,60
2380.67,7,18.47,10.002,55.4,60
2381.17,7.5,18.46,9.995,55.4,60
2381.67,8,18.45,9.997,55.4,60
2382.17,8.5,18.44,10.008,55.4,60
2382.67,9,18.43,10.016,55.5,60
2383.17,9.5,18.42,10.007,55.5,60
2383.67,10,18.41,10.001,55.4,60
2384.17,10.5,18.4,10.009,55.4,60
2384.67,11,18.39,10.015,55.4,60
2385.17,11.5,18.38,10.009,55.4,60
2385.67,12,18.37,10.017,55.4,60
3003.85,0.5,19.05,-19.975,55.9,60
3004.35,1,19.09,-19.989,55.9,60
3004.85,1.5,19.12,-19.993,56,60
3005.35,2,19.14,-19.99,56,60
3005.85,2.5,19.17,-19.987,56,60
3006.35,3,19.19,-19.989,56,60
3006.85,3.5,19.22,-19.989,56,60
3007.35,4,19.23,-19.985,56,60
3007.85,4.5,19.25,-19.988,56,60
3008.35,5,19.27,-19.992,55.9,60
3008.85,5.5,19.29,-20.009,55.9,60
3009.35,6,19.32,-20.012,56,60
3009.85,6.5,19.34,-20.009,56,60
3010.35,7,19.35,-20.002,56,60
3010.85,7.5,19.37,-19.989,56,60
3011.35,8,19.39,-19.981,55.9,60
3011.85,8.5,19.41,-19.986,55.9,60
3012.35,9,19.43,-19.992,55.9,60
3012.85,9.5,19.45,-19.997,55.9,60
3013.35,10,19.46,-20.004,55.9,60
3013.85,10.5,19.48,-20.001,55.9,60
3014.35,11,19.5,-20.008,55.9,60
3014.85,11.5,19.52,-20.002,56,60
3015.35,12,19.53,-20.013,56,60
3633.5,0.5,18.57,16.013,56.2,60
3634,1,18.54,16.009,56.2,60
3634.5,1.5,18.52,16.021,56.2,60
3635,2,18.5,16.009,56.2,60
3635.5,2.5,18.48,15.998,56.2,60
3636,3,18.46,15.991,56.2,60
3636.5,3.5,18.44,16.008,56.2,60
3637,4,18.43,16,56.2,60
3637.5,4.5,18.4,16.011,56.2,60
3638,5,18.39,16.027,56.2,60
3638.5,5.5,18.38,16.005,56.2,60
3639,6,18.36,16,56.2,60
3639.5,6.5,18.34,15.999,56.2,60
3640,7,18.32,16.015,56.2,60
3640.5,7.5,18.3,16.009,56.2,60
3641,8,18.29,16.011,56.2,60
3641.5,8.5,18.27,16.018,56.2,60
3642,9,18.26,16.011,56.2,60
3642.5,9.5,18.24,15.998,56.2,60
3643,10,18.23,16.005,56.2,60
3643.5,10.5,18.21,16.006,56.2,60
3644,11,18.2,16.003,56.2,60
3644.5,11.5,18.18,16.013,56.2,60
3645,12,18.16,16.023,56.2,60
4263.14,0.5,19.19,-30.018,56.4,60
4263.64,1,19.24,-30.019,56.4,60
4264.14,1.5,19.29,-30.005,56.4,60
4264.64,2,19.33,-30.012,56.4,60
4265.14,2.5,19.37,-30.009,56.4,60
4265.64,3,19.4,-30.004,56.4,60
4266.14,3.5,19.43,-29.989,56.4,60
4266.64,4,19.47,-29.981,56.4,60
4267.14,4.5,19.5,-29.947,56.4,60
4267.64,5,19.53,-29.961,56.4,60
4268.14,5.5,19.56,-29.952,56.4,60
4268.64,6,19.58,-29.978,56.4,60
4269.14,6.5,19.61,-29.98,56.4,60
4269.64,7,19.64,-30.008,56.4,60
4270.14,7.5,19.67,-30.019,56.4,60
4270.64,8,19.7,-30.025,56.4,60
4271.14,8.5,19.72,-30.038,56.4,60
4271.64,9,19.75,-30.038,56.4,60
4272.14,9.5,19.78,-30.031,56.4,60
4272.64,10,19.8,-30.011,56.4,60
4273.14,10.5,19.83,-29.999,56.4,60
4273.64,11,19.85,-29.979,56.4,60
4274.14,11.5,19.88,-29.99,56.4,60
4274.64,12,19.9,-29.993,56.4,60
4892.79,0.5,18.43,26.005,56.6,60
4893.29,1,18.38,26.003,56.6,60
4893.79,1.5,18.34,25.993,56.6,60
4894.29,2,18.31,25.996,56.6,60
4894.79,2.5,18.27,25.985,56.6,60
4895.29,3,18.24,25.988,56.6,60
4895.79,3.5,18.22,26,56.6,60
4896.29,4,18.18,26.001,56.6,60
4896.79,4.5,18.16,26.005,56.6,60
4897.29,5,18.13,26.005,56.6,60
4897.79,5.5,18.1,26.014,56.6,60
4898.29,6,18.07,26.014,56.6,60
4898.79,6.5,18.05,26.017,56.6,60
4899.29,7,18.02,26.021,56.6,60
4899.79,7.5,17.99,26.007,56.6,60
4900.29,8,17.97,26.016,56.6,60
4900.79,8.5,17.94,26.008,56.6,60
4901.29,9,17.91,26.017,56.6,60
4901.79,9.5,17.89,26.012,56.6,60
4902.29,10,17.86,26.025,56.6,60
4902.79,10.5,17.84,26.018,56.6,60
4903.29,11,17.81,26.031,56.6,60
4903.79,11.5,17.78,26.015,56.6,60
4904.29,12,17.76,26.023,56.6,60
5522.44,0.5,19.34,-40.019,56.6,60
5522.94,1,19.41,-40.001,56.6,60
5523.44,1.5,19.47,-39.989,56.6,60
5523.94,2,19.52,-39.972,56.6,60
5524.44,2.5,19.57,-39.971,56.6,60
5524.94,3,19.61,-39.963,56.6,60
5525.44,3.5,19.66,-39.969,56.6,60
5525.94,4,19.7,-39.978,56.6,60
5526.44,4.5,19.74,-39.992,56.6,60
5526.94,5,19.78,-40.015,56.6,60
5527.44,5.5,19.82,-40.028,56.6,60
5527.94,6,19.85,-40.045,56.6,60
5528.44,6.5,19.89,-40.05,56.6,60
5528.94,7,19.93,-40.059,56.6,60
5529.44,7.5,19.97,-40.044,56.6,60
5529.94,8,20,-40.031,56.6,60
5530.44,8.5,20.03,-40.031,56.6,60
5530.94,9,20.07,-40.015,56.6,60
5531.44,9.5,20.1,-40.008,56.6,60
5531.94,10,20.14,-39.984,56.6,60
5532.44,10.5,20.17,-39.983,56.6,60
5532.94,11,20.2,-39.949,56.6,60
5533.44,11.5,20.23,-39.955,56.6,60
5533.94,12,20.27,-39.953,56.6,60
6152.09,0.5,18.37,30.009,56.7,59.9
6152.59,1,18.32,30.008,56.7,59.9
6153.09,1.5,18.27,30.018,56.7,59.9
6153.59,2,18.23,30.017,56.7,60
6154.09,2.5,18.19,30.029,56.7,60
6154.59,3,18.15,30.029,56.7,60
6155.09,3.5,18.12,30.018,56.7,60
6155.59,4,18.09,30.014,56.7,60
6156.09,4.5,18.05,30.02,56.7,60
6156.59,5,18.02,30.011,56.7,60
6157.09,5.5,17.99,30.012,56.7,60
6157.59,6,17.96,30.013,56.7,60
6158.09,6.5,17.92,30.014,56.7,60
6158.59,7,17.89,30.018,56.7,60
6159.09,7.5,17.86,30.006,56.7,60
6159.59,8,17.83,30.004,56.7,60
6160.09,8.5,17.81,30.003,56.7,60
6160.59,9,17.77,30.002,56.7,59.9
6161.09,9.5,17.75,30.008,56.7,59.9
6161.59,10,17.71,30.019,56.7,60
6162.09,10.5,17.68,30.019,56.7,60
6162.59,11,17.65,30.021,56.7,60
6163.09,11.5,17.62,30.014,56.7,60
6163.59,12,17.59,30.014,56.7,59.9
6781.74,0.5,19.48,-50.042,56.8,60
6782.24,1,19.57,-50.033,56.8,60
6782.74,1.5,19.64,-50.028,56.8,60
6783.24,2,19.71,-50.024,56.8,60
6783.74,2.5,19.77,-50.022,56.7,60
6784.24,3,19.82,-50.016,56.7,60
6784.74,3.5,19.88,-50.001,56.7,60
6785.24,4,19.93,-50,56.7,60
6785.74,4.5,19.98,-49.976,56.7,60
6786.24,5,20.03,-49.981,56.7,60
6786.74,5.5,20.08,-49.963,56.7,60
6787.24,6,20.12,-49.957,56.8,60
6787.74,6.5,20.17,-49.95,56.8,60
6788.24,7,20.21,-49.948,56.7,60
6788.74,7.5,20.25,-49.948,56.7,60
6789.24,8,20.3,-49.949,56.7,60
6789.74,8.5,20.35,-49.948,56.7,60
6790.24,9,20.39,-49.94,56.7,60
6790.74,9.5,20.43,-49.952,56.7,60
6791.24,10,20.47,-49.95,56.8,60
6791.74,10.5,20.5,-49.961,56.8,60
6792.24,11,20.55,-49.959,56.8,60
6792.74,11.5,20.59,-49.973,56.7,60
6793.24,12,20.62,-50.004,56.7,60
8294.09,0.5,19.53,16.007,56.9,60
8294.59,1,19.51,15.998,56.9,60
8295.09,1.5,19.48,16.011,56.9,60
8295.59,2,19.47,16.008,56.9,60
8296.09,2.5,19.45,16.006,56.9,60
8296.59,3,19.43,16.009,56.9,60
8297.09,3.5,19.41,16.009,56.9,60
8297.59,4,19.39,16.023,56.9,60
8298.09,4.5,19.38,16.013,56.9,60
8298.59,5,19.36,16.035,56.9,60
8299.09,5.5,19.35,16.016,56.9,60
8299.59,6,19.33,16.023,56.9,60
8300.09,6.5,19.32,16.018,56.9,60
8300.59,7,19.31,16.01,56.9,60
8301.09,7.5,19.29,16.021,56.9,60
8301.59,8,19.28,16.013,56.9,60
8302.09,8.5,19.26,16.012,56.9,60
8302.59,9,19.25,16.006,56.9,60
8303.09,9.5,19.24,16.008,56.9,60
8303.59,10,19.22,16.002,56.9,60
8304.09,10.5,19.21,16.008,56.9,60
8304.59,11,19.2,15.999,56.9,60
8305.09,11.5,19.18,16.009,56.9,60
8305.59,12,19.17,16.001,56.9,60
8923.76,0.5,20.03,-19.988,57,60
8924.26,1,20.06,-19.985,57,60
8924.76,1.5,20.09,-19.984,57,60
8925.26,2,20.11,-19.985,57,60
8925.76,2.5,20.13,-19.991,57,60
8926.26,3,20.15,-19.987,57,60
8926.76,3.5,20.18,-19.984,57,60
8927.26,4,20.2,-19.986,57,60
8927.76,4.5,20.22,-19.977,57,60
8928.26,5,20.24,-19.986,57,60
8928.76,5.5,20.25,-19.971,57,60
8929.26,6,20.27,-19.982,57,60
8929.76,6.5,20.29,-19.977,57,60
8930.26,7,20.3,-19.983,57,60
8930.76,7.5,20.32,-19.994,57,60
8931.26,8,20.34,-20.004,57,60
8931.76,8.5,20.35,-20.024,57,60
8932.26,9,20.37,-20.022,57,60
8932.76,9.5,20.38,-20.022,57,60
8933.26,10,20.4,-20.013,57,60
8933.76,10.5,20.42,-20.026,57,59.9
8934.26,11,20.43,-20.014,57,59.9
8934.76,11.5,20.45,-20.013,57,59.9
8935.26,12,20.46,-19.991,57,59.9
9553.41,0.5,19.45,24.029,57,60
9553.91,1,19.41,24.022,57,60
9554.41,1.5,19.38,24.029,57,59.9
9554.91,2,19.35,24.021,57,59.9
9555.41,2.5,19.32,24.03,57,59.9
9555.91,3,19.3,24.02,57,59.9
9556.41,3.5,19.27,24.027,57,59.9
9556.91,4,19.25,24.021,57,59.9
9557.41,4.5,19.22,24.024,57,59.9
9557.91,5,19.2,24.014,57,59.9
9558.41,5.5,19.18,24.021,57.1,59.9
9558.91,6,19.15,24.019,57.1,59.9
9559.41,6.5,19.13,24.021,57,59.9
9559.91,7,19.11,24.02,57,59.9
9560.41,7.5,19.09,24.023,57,59.9
9560.91,8,19.07,24.021,57,59.9
9561.41,8.5,19.05,24.026,57,59.9
9561.91,9,19.03,24.027,57,59.9
9562.41,9.5,19.01,24.029,57,59.9
9562.91,10,18.99,24.032,57,59.9
9563.41,10.5,18.96,24.043,57,59.9
9563.91,11,18.95,24.027,57,59.9
9564.41,11.5,18.92,24.026,57,59.9
9564.91,12,18.9,24.022,57,59.9
10183.06,0.5,20.16,-30.011,57.2,60
10183.56,1,20.21,-29.983,57.2,60
10184.06,1.5,20.25,-29.973,57.1,60
10184.56,2,20.29,-29.97,57.1,60
10185.06,2.5,20.32,-29.974,57.2,60
10185.56,3,20.36,-29.983,57.2,60
10186.06,3.5,20.39,-30.012,57.2,60
10186.56,4,20.41,-30.015,57.2,60
10187.06,4.5,20.45,-30.031,57.2,60
10187.56,5,20.47,-30.033,57.2,60
10188.06,5.5,20.5,-30.011,57.2,60
10188.56,6,20.52,-30.004,57.2,60
10189.06,6.5,20.55,-29.99,57.2,60
10189.56,7,20.57,-29.978,57.2,60
10190.06,7.5,20.6,-29.978,57.2,60
10190.56,8,20.62,-29.977,57.2,60
10191.06,8.5,20.65,-29.989,57.2,60
10191.56,9,20.67,-29.998,57.2,60
10192.06,9.5,20.69,-30.016,57.2,60
10192.56,10,20.71,-30.023,57.2,60
10193.06,10.5,20.73,-30.027,57.2,60
10193.56,11,20.76,-30.012,57.2,60
10194.06,11.5,20.79,-30.022,57.1,60
10194.56,12,20.81,-30.005,57.1,59.9
10812.71,0.5,19.37,30.007,57.2,59.9
10813.21,1,19.32,30.016,57.2,59.9
10813.71,1.5,19.28,30.013,57.2,59.9
10814.21,2,19.24,30.025,57.2,59.9
10814.71,2.5,19.21,30.011,57.2,59.9
10815.21,3,19.17,29.998,57.2,59.9
10815.71,3.5,19.14,29.985,57.2,59.9
10816.21,4,19.11,30.009,57.2,59.9
10816.71,4.5,19.08,30.014,57.2,59.9
10817.21,5,19.05,29.999,57.2,59.9
10817.71,5.5,19.03,30.024,57.2,59.9
10818.21,6,19,30.012,57.2,59.9
10818.71,6.5,18.97,30.004,57.2,59.9
10819.21,7,18.94,30,57.2,59.9
10819.71,7.5,18.91,30.022,57.2,59.9
10820.21,8,18.88,30.019,57.2,59.9
10820.71,8.5,18.86,30.024,57.2,59.9
10821.21,9,18.84,30.023,57.2,59.9
10821.71,9.5,18.81,30.003,57.2,59.9
10822.21,10,18.78,30.007,57.2,59.9
10822.71,10.5,18.75,30.016,57.2,59.9
10823.21,11,18.73,30.005,57.2,59.9
10823.71,11.5,18.7,30.004,57.2,59.9
10824.21,12,18.67,30.035,57.2,59.9
11442.36,0.5,20.31,-39.984,57.2,59.9
11442.86,1,20.37,-39.941,57.2,59.9
11443.36,1.5,20.42,-39.964,57.2,59.9
11443.86,2,20.47,-39.993,57.2,59.9
11444.36,2.5,20.52,-40.017,57.2,59.9
11444.86,3,20.56,-40.036,57.2,59.9
11445.36,3.5,20.6,-40.022,57.2,59.9
11445.86,4,20.64,-40.009,57.2,59.9
11446.36,4.5,20.67,-39.989,57.2,60
11446.86,5,20.72,-39.976,57.2,60
11447.36,5.5,20.75,-39.962,57.2,60
11447.86,6,20.78,-39.965,57.2,59.9
11448.36,6.5,20.82,-39.995,57.2,59.9
11448.86,7,20.85,-40.003,57.2,59.9
11449.36,7.5,20.88,-40.021,57.2,60
11449.86,8,20.91,-40.035,57.2,60
11450.36,8.5,20.94,-40.037,57.2,59.9
11450.86,9,20.97,-40.047,57.2,59.9
11451.36,9.5,21.01,-40.044,57.2,59.9
11451.86,10,21.04,-40.051,57.2,59.9
11452.36,10.5,21.07,-40.049,57.2,59.9
11452.86,11,21.09,-40.04,57.2,59.9
11453.36,11.5,21.13,-40.043,57.2,59.9
11453.86,12,21.16,-40.04,57.2,59.9
12072.01,0.5,19.28,36.012,57.3,60
12072.51,1,19.23,36.02,57.3,60
12073.01,1.5,19.18,36.021,57.3,60
12073.51,2,19.14,36.026,57.3,60
12074.01,2.5,19.09,36.034,57.3,60
12074.51,3,19.05,36.026,57.3,60
12075.01,3.5,19.01,36.026,57.3,60
12075.51,4,18.97,36.023,57.3,60
12076.01,4.5,18.94,36.026,57.3,60
12076.51,5,18.9,36.032,57.3,60
12077.01,5.5,18.87,36.029,57.3,60
12077.51,6,18.83,36.023,57.3,60
12078.01,6.5,18.8,36.032,57.3,60
12078.51,7,18.77,36.015,57.3,60
12079.01,7.5,18.74,36.037,57.3,60
12079.51,8,18.7,36.03,57.3,60
12080.01,8.5,18.67,36.027,57.3,60
12080.51,9,18.64,36.036,57.3,60
12081.01,9.5,18.61,36.028,57.3,60
12081.51,10,18.57,36.036,57.3,60
12082.01,10.5,18.54,36.038,57.3,60
12082.51,11,18.51,36.03,57.3,60
12083.01,11.5,18.48,36.039,57.3,60
12083.51,12,18.44,36.027,57.3,60
12701.66,0.5,20.45,-50.027,57.4,60
12702.16,1,20.52,-50.011,57.4,60
12702.66,1.5,20.59,-50.019,57.4,60
12703.16,2,20.65,-50.021,57.4,60
12703.66,2.5,20.71,-50.028,57.4,60
12704.16,3,20.76,-50.025,57.4,60
12704.66,3.5,20.81,-50.024,57.4,60
12705.16,4,20.86,-50.026,57.4,60
12705.66,4.5,20.91,-50.032,57.4,60
12706.16,5,20.95,-50.03,57.4,60
12706.66,5.5,20.99,-50.03,57.4,60
12707.16,6,21.03,-50.035,57.4,60
12707.66,6.5,21.07,-50.021,57.4,60
12708.16,7,21.12,-50.029,57.4,60
12708.66,7.5,21.15,-50.025,57.4,60
12709.16,8,21.19,-50.034,57.4,60
12709.66,8.5,21.24,-50.033,57.4,60
12710.16,9,21.27,-50.035,57.4,60
12710.66,9.5,21.31,-50.039,57.4,60
12711.16,10,21.35,-50.028,57.4,60
12711.66,10.5,21.38,-50.032,57.4,60
12712.16,11,21.42,-50.025,57.4,60
12712.66,11.5,21.46,-50.036,57.4,60
12713.16,12,21.49,-50.018,57.4,60
14223.48,0.5,20.39,20.004,57.4,59.9
14223.98,1,20.37,20.012,57.4,59.9
14224.48,1.5,20.34,20.016,57.4,59.9
14224.98,2,20.32,20.002,57.4,59.9
14225.48,2.5,20.3,20.014,57.4,59.9
14225.98,3,20.27,20,57.4,59.9
14226.48,3.5,20.26,19.994,57.5,59.9
14226.98,4,20.24,19.996,57.5,59.9
14227.48,4.5,20.22,20.027,57.4,59.9
14227.98,5,20.2,20.018,57.4,59.9
14228.48,5.5,20.18,20.004,57.4,59.9
14228.98,6,20.16,20.012,57.4,59.9
14229.48,6.5,20.15,20,57.4,59.9
14229.98,7,20.13,19.999,57.4,59.9
14230.48,7.5,20.12,20.012,57.4,59.9
14230.98,8,20.1,20.019,57.5,59.9
14231.48,8.5,20.09,20.018,57.5,59.9
14231.98,9,20.07,20.015,57.5,59.9
14232.48,9.5,20.05,20.019,57.5,59.9
14232.98,10,20.04,20.016,57.4,59.9
14233.48,10.5,20.02,19.992,57.4,59.9
14233.98,11,20.01,19.997,57.5,59.9
14234.48,11.5,19.99,20.005,57.5,59.9
14234.98,12,19.98,20.01,57.5,59.9
14853.13,0.5,20.94,-20.017,57.5,59.9
14853.63,1,20.97,-20.017,57.5,59.9
14854.13,1.5,20.99,-20.003,57.5,59.9
14854.63,2,21.02,-20.002,57.5,59.9
14855.13,2.5,21.04,-19.985,57.5,59.9
14855.63,3,21.06,-19.997,57.5,59.9
14856.13,3.5,21.07,-19.989,57.5,59.9
14856.63,4,21.09,-19.994,57.5,59.9
14857.13,4.5,21.12,-19.984,57.5,59.9
14857.63,5,21.14,-19.986,57.5,59.9
14858.13,5.5,21.15,-19.985,57.5,59.9
14858.63,6,21.16,-19.991,57.5,59.9
14859.13,6.5,21.18,-19.99,57.5,59.9
14859.63,7,21.19,-19.989,57.5,59.9
14860.13,7.5,21.21,-19.989,57.5,59.9
14860.63,8,21.23,-19.987,57.5,59.9
14861.13,8.5,21.24,-20,57.5,59.9
14861.63,9,21.26,-20.004,57.5,59.9
14862.13,9.5,21.27,-20.001,57.5,59.9
14862.63,10,21.28,-20.007,57.5,59.9
14863.13,10.5,21.3,-20.01,57.5,59.9
14863.63,11,21.32,-20.015,57.5,59.9
14864.13,11.5,21.33,-20.014,57.5,59.9
14864.63,12,21.35,-20.019,57.5,59.9
15482.78,0.5,20.29,30.014,57.5,59.9
15483.28,1,20.25,30.002,57.6,59.9
15483.78,1.5,20.21,30.01,57.6,59.9
15484.28,2,20.18,30.012,57.5,59.9
15484.78,2.5,20.14,30.01,57.5,59.9
15485.28,3,20.11,30.01,57.5,59.9
15485.78,3.5,20.08,30.022,57.5,59.9
15486.28,4,20.06,30.019,57.5,59.9
15486.78,4.5,20.03,30.033,57.5,59.9
15487.28,5,20,30.019,57.5,59.9
15487.78,5.5,19.97,30.021,57.5,59.9
15488.28,6,19.95,30.02,57.5,59.9
15488.78,6.5,19.92,30.018,57.6,59.9
15489.28,7,19.9,30.031,57.6,60
15489.78,7.5,19.88,30.02,57.6,60
15490.28,8,19.85,30.027,57.6,60
15490.78,8.5,19.83,30.016,57.6,60
15491.28,9,19.8,30.02,57.6,60
15491.78,9.5,19.78,30,57.6,60
15492.28,10,19.76,30.015,57.6,60
15492.78,10.5,19.73,29.999,57.6,60
15493.28,11,19.71,29.998,57.6,60
15493.78,11.5,19.69,29.998,57.6,60
15494.28,12,19.66,29.99,57.6,60
16112.43,0.5,21.08,-29.97,57.7,59.9
16112.93,1,21.12,-29.958,57.7,59.9
16113.43,1.5,21.16,-29.956,57.7,59.9
16113.93,2,21.19,-29.957,57.7,59.9
16114.43,2.5,21.22,-29.956,57.7,59.9
16114.93,3,21.25,-29.961,57.7,59.9
16115.43,3.5,21.28,-29.951,57.7,59.9
16115.93,4,21.31,-29.961,57.7,59.9
16116.43,4.5,21.34,-29.953,57.7,59.9
16116.93,5,21.36,-29.959,57.7,59.9
16117.43,5.5,21.39,-29.952,57.7,59.9
16117.93,6,21.42,-29.963,57.7,59.9
16118.43,6.5,21.43,-29.959,57.7,59.9
16118.93,7,21.46,-29.955,57.7,59.9
16119.43,7.5,21.48,-29.963,57.7,59.9
16119.93,8,21.5,-29.95,57.7,59.9
16120.43,8.5,21.53,-29.965,57.7,59.9
16120.93,9,21.55,-29.95,57.7,59.9
16121.43,9.5,21.57,-29.959,57.7,59.9
16121.93,10,21.59,-29.954,57.7,59.9
16122.43,10.5,21.61,-29.969,57.7,59.9
16122.93,11,21.63,-29.957,57.7,59.9
16123.43,11.5,21.65,-29.951,57.7,59.9
16123.93,12,21.68,-29.962,57.7,59.9
16742.08,0.5,20.22,35.009,57.8,60
16742.58,1,20.17,35.015,57.8,60
16743.08,1.5,20.13,35.01,57.7,60
16743.58,2,20.09,35.014,57.7,60
16744.08,2.5,20.05,35.018,57.7,60
16744.58,3,20.01,35.014,57.7,60
16745.08,3.5,19.98,35.012,57.7,60
16745.58,4,19.94,35.011,57.7,60
16746.08,4.5,19.91,35.013,57.7,60
16746.58,5,19.88,35.017,57.7,60
16747.08,5.5,19.85,35.01,57.7,60
16747.58,6,19.82,35.013,57.7,60
16748.08,6.5,19.79,35.007,57.7,60
16748.58,7,19.76,35.01,57.7,60
16749.08,7.5,19.74,35.006,57.7,60
16749.58,8,19.71,35.019,57.7,60
16750.08,8.5,19.68,35.017,57.7,60
16750.58,9,19.65,35.021,57.7,60
16751.08,9.5,19.62,35.029,57.7,60
16751.58,10,19.59,35.023,57.7,60
16752.08,10.5,19.56,35.035,57.7,60
16752.58,11,19.54,35.034,57.7,60
16753.08,11.5,19.51,35.022,57.7,60
16753.58,12,19.48,35.017,57.7,60
17371.73,0.5,21.21,-40.023,57.7,60
17372.23,1,21.27,-40.023,57.7,60
17372.73,1.5,21.32,-40.023,57.7,60
17373.23,2,21.37,-40.021,57.7,60
17373.73,2.5,21.41,-40.009,57.7,60
17374.23,3,21.45,-39.993,57.7,60
17374.73,3.5,21.49,-39.981,57.7,60
17375.23,4,21.52,-39.96,57.7,60
17375.73,4.5,21.56,-39.947,57.7,60
17376.23,5,21.59,-39.944,57.7,60
17376.73,5.5,21.62,-39.948,57.7,60
17377.23,6,21.66,-39.971,57.7,60
17377.73,6.5,21.69,-39.988,57.7,60
17378.23,7,21.72,-40.014,57.7,60
17378.73,7.5,21.75,-40.024,57.7,60
17379.23,8,21.78,-40.032,57.7,60
17379.73,8.5,21.81,-40.043,57.7,60
17380.23,9,21.84,-40.05,57.7,60
17380.73,9.5,21.87,-40.044,57.7,60
17381.23,10,21.9,-40.026,57.7,60
17381.73,10.5,21.93,-40.005,57.7,60
17382.23,11,21.96,-39.983,57.7,60
17382.73,11.5,21.98,-39.964,57.7,60
17383.23,12,22.01,-39.964,57.7,59.9
18001.37,0.5,20.02,50.027,57.7,59.9
18001.87,1,19.94,50.017,57.7,59.9
18002.37,1.5,19.88,50.012,57.7,59.9
18002.87,2,19.82,50.01,57.7,59.9
18003.37,2.5,19.76,50.015,57.7,59.9
18003.87,3,19.71,50.022,57.7,59.9
18004.37,3.5,19.66,50.028,57.7,59.9
18004.87,4,19.61,50.028,57.7,59.9
18005.37,4.5,19.57,50.005,57.7,59.9
18005.87,5,19.52,50.002,57.7,59.9
18006.37,5.5,19.48,50.008,57.7,59.9
18006.87,6,19.43,50.005,57.7,59.9
18007.37,6.5,19.39,50.002,57.7,59.9
18007.87,7,19.35,50.02,57.7,59.9
18008.37,7.5,19.31,50.029,57.7,59.9
18008.87,8,19.27,50.017,57.7,59.9
18009.37,8.5,19.23,50.015,57.7,59.9
18009.87,9,19.19,50.005,57.7,59.9
18010.37,9.5,19.14,50.018,57.7,59.9
18010.87,10,19.11,50.014,57.7,59.9
18011.37,10.5,19.06,50.017,57.7,59.9
18011.87,11,19.02,50.024,57.7,59.9
18012.37,11.5,18.98,50.033,57.7,59.9
18012.87,12,18.94,50.044,57.7,59.9
18631.02,0.5,21.35,-50.02,57.7,60
18631.52,1,21.42,-50.026,57.7,60
18632.02,1.5,21.49,-50.025,57.7,60
18632.52,2,21.55,-50.02,57.7,60
18633.02,2.5,21.6,-50.017,57.7,60
18633.52,3,21.65,-49.998,57.7,60
18634.02,3.5,21.7,-49.992,57.7,60
18634.52,4,21.74,-49.958,57.7,60
18635.02,4.5,21.78,-49.955,57.7,60
18635.52,5,21.82,-49.945,57.7,60
18636.02,5.5,21.86,-49.961,57.7,60
18636.52,6,21.91,-49.977,57.7,60
18637.02,6.5,21.95,-50.005,57.7,60
18637.52,7,21.98,-50.024,57.7,60
18638.02,7.5,22.02,-50.033,57.7,60
18638.52,8,22.06,-50.036,57.7,60
18639.02,8.5,22.09,-50.041,57.7,60
18639.52,9,22.13,-50.029,57.7,60
18640.02,9.5,22.16,-50.015,57.7,60
18640.52,10,22.2,-49.996,57.7,59.9
18641.02,10.5,22.24,-49.979,57.7,59.9
18641.52,11,22.27,-49.975,57.7,59.9
18642.02,11.5,22.31,-49.98,57.7,59.9
18642.52,12,22.34,-50.006,57.7,59.9
20144.62,0.5,21.24,20.013,57.8,60
20145.12,1,21.21,20.014,57.8,60
20145.62,1.5,21.18,20.013,57.8,60
20146.12,2,21.16,20.018,57.8,60
20146.62,2.5,21.14,20.017,57.8,60
20147.12,3,21.12,20.015,57.8,60
20147.62,3.5,21.1,20.018,57.8,60
20148.12,4,21.08,20.016,57.8,60
20148.62,4.5,21.07,20.016,57.8,60
20149.12,5,21.05,20.014,57.8,60
20149.62,5.5,21.03,20.01,57.8,60
20150.12,6,21.02,20.015,57.8,60
20150.62,6.5,21.01,20.018,57.8,60
20151.12,7,20.98,20.021,57.8,59.9
20151.62,7.5,20.97,20.018,57.8,59.9
20152.12,8,20.95,20.021,57.8,59.9
20152.62,8.5,20.94,20.022,57.8,59.9
20153.12,9,20.93,20.022,57.8,59.9
20153.62,9.5,20.91,20.024,57.8,59.9
20154.12,10,20.9,20.025,57.8,59.9
20154.62,10.5,20.88,20.027,57.8,59.9
20155.12,11,20.87,20.024,57.8,59.9
20155.62,11.5,20.85,20.022,57.8,59.9
20156.12,12,20.84,20.02,57.8,59.9
20774.3,0.5,21.77,-20.006,57.8,60
20774.8,1,21.8,-20,57.8,60
20775.3,1.5,21.83,-19.984,57.8,60
20775.8,2,21.85,-19.974,57.8,60
20776.3,2.5,21.87,-19.976,57.8,60
20776.8,3,21.9,-19.975,57.8,60
20777.3,3.5,21.91,-19.988,57.8,60
20777.8,4,21.92,-19.986,57.7,60
20778.3,4.5,21.95,-19.983,57.7,60
20778.8,5,21.96,-19.985,57.8,60
20779.3,5.5,21.98,-19.993,57.8,60
20779.8,6,22,-19.987,57.8,60
20780.3,6.5,22.01,-19.989,57.7,60
20780.8,7,22.02,-19.999,57.7,60
20781.3,7.5,22.04,-20.002,57.8,60
20781.8,8,22.05,-20.005,57.8,60
20782.3,8.5,22.07,-20.001,57.8,60
20782.8,9,22.08,-19.996,57.8,60
20783.3,9.5,22.1,-19.995,57.7,60
20783.8,10,22.11,-19.989,57.7,60
20784.3,10.5,22.13,-19.988,57.7,60
20784.8,11,22.14,-19.987,57.7,60
20785.3,11.5,22.16,-19.979,57.7,60
20785.8,12,22.17,-19.975,57.7,60
21403.95,0.5,21.15,30.012,57.8,59.9
21404.45,1,21.1,30.022,57.8,59.9
21404.95,1.5,21.06,30.023,57.8,59.9
21405.45,2,21.03,30.007,57.8,59.9
21405.95,2.5,21,29.998,57.8,59.9
21406.45,3,20.97,29.998,57.8,59.9
21406.95,3.5,20.94,30.004,57.8,59.9
21407.45,4,20.91,30.023,57.8,59.9
21407.95,4.5,20.89,30.014,57.8,59.9
21408.45,5,20.86,30.019,57.8,59.9
21408.95,5.5,20.83,30.016,57.8,59.9
21409.45,6,20.81,30.019,57.8,59.9
21409.95,6.5,20.78,30.032,57.8,59.9
21410.45,7,20.76,30.01,57.8,59.9
21410.95,7.5,20.74,29.995,57.8,59.9
21411.45,8,20.72,30.002,57.8,59.9
21411.95,8.5,20.69,30.01,57.8,59.9
21412.45,9,20.67,30.008,57.8,59.9
21412.95,9.5,20.65,30.012,57.8,59.9
21413.45,10,20.63,30.008,57.8,59.9
21413.95,10.5,20.61,30.029,57.8,59.9
21414.45,11,20.59,30.017,57.8,59.9
21414.95,11.5,20.56,29.994,57.8,59.9
21415.45,12,20.54,29.984,57.8,59.9
22033.6,0.5,21.91,-30.011,57.8,60
22034.1,1,21.95,-29.979,57.8,60
22034.6,1.5,21.99,-29.981,57.8,60
22035.1,2,22.02,-29.998,57.8,60
22035.6,2.5,22.06,-30.015,57.8,60
22036.1,3,22.09,-30.012,57.8,60
22036.6,3.5,22.11,-30.013,57.8,60
22037.1,4,22.14,-29.997,57.8,60
22037.6,4.5,22.16,-29.98,57.8,60
22038.1,5,22.19,-29.955,57.8,60
22038.6,5.5,22.21,-29.967,57.8,60
22039.1,6,22.24,-29.98,57.8,60
22039.6,6.5,22.26,-29.991,57.8,60
22040.1,7,22.29,-30.022,57.8,60
22040.6,7.5,22.31,-30.018,57.8,60
22041.1,8,22.32,-30.012,57.8,60
22041.6,8.5,22.35,-29.99,57.8,60
22042.1,9,22.37,-29.969,57.8,60
22042.6,9.5,22.4,-29.971,57.8,60
22043.1,10,22.41,-29.997,57.8,59.9
22043.6,10.5,22.43,-30.015,57.8,59.9
22044.1,11,22.46,-30.039,57.8,59.9
22044.6,11.5,22.48,-30.034,57.8,59.9
22045.1,12,22.5,-30.021,57.8,59.9
22663.25,0.5,21,40.03,57.8,60
22663.75,1,20.94,40.022,57.8,60
22664.25,1.5,20.89,40.012,57.8,60
22664.75,2,20.85,40.003,57.8,60
22665.25,2.5,20.81,40.004,57.8,60
22665.75,3,20.76,40.012,57.8,60
22666.25,3.5,20.73,40.009,57.8,60
22666.75,4,20.69,40.019,57.8,60
22667.25,4.5,20.65,40.036,57.8,60
22667.75,5,20.62,40.042,57.8,60
22668.25,5.5,20.59,40.028,57.8,60
22668.75,6,20.56,40.015,57.8,60
22669.25,6.5,20.52,40.008,57.8,60
22669.75,7,20.49,40.007,57.8,60
22670.25,7.5,20.46,40.012,57.8,60
22670.75,8,20.43,40.005,57.8,60
22671.25,8.5,20.4,40.029,57.8,60
22671.75,9,20.37,40.023,57.8,60
22672.25,9.5,20.34,40.021,57.8,60
22672.75,10,20.31,40,57.8,60
22673.25,10.5,20.28,39.993,57.8,60
22673.75,11,20.25,39.994,57.8,60
22674.25,11.5,20.22,40.004,57.8,60
22674.75,12,20.2,40.007,57.8,60
23292.9,0.5,22.05,-39.954,57.9,59.9
23293.4,1,22.1,-39.99,57.9,59.9
23293.9,1.5,22.16,-40.011,57.9,59.9
23294.4,2,22.2,-40.017,57.9,59.9
23294.9,2.5,22.24,-40.023,57.9,59.9
23295.4,3,22.27,-40.033,57.9,60
23295.9,3.5,22.32,-40.029,57.9,60
23296.4,4,22.35,-40.031,57.9,60
23296.9,4.5,22.38,-40.032,57.9,60
23297.4,5,22.42,-40.025,57.9,60
23297.9,5.5,22.45,-40.024,57.8,60
23298.4,6,22.48,-40.012,57.8,60
23298.9,6.5,22.52,-40.011,57.8,60
23299.4,7,22.54,-40.018,57.8,60
23299.9,7.5,22.57,-40.009,57.9,60
23300.4,8,22.6,-40.011,57.9,60
23300.9,8.5,22.63,-40.008,57.9,60
23301.4,9,22.66,-40.01,57.9,60
23301.9,9.5,22.69,-40.006,57.9,60
23302.4,10,22.72,-40.013,57.9,60
23302.9,10.5,22.74,-40.011,57.9,60
23303.4,11,22.77,-40.016,57.9,60
23303.9,11.5,22.8,-40.019,57.9,60
23304.4,12,22.83,-40.019,57.9,60
23922.55,0.5,20.87,50.018,57.9,59.9
23923.05,1,20.79,50.011,57.9,59.9
23923.55,1.5,20.73,50.016,57.9,59.9
23924.05,2,20.67,50.002,57.9,59.9
23924.55,2.5,20.62,50.011,57.9,59.9
23925.05,3,20.57,50.007,57.9,59.9
23925.55,3.5,20.52,50.009,57.9,59.9
23926.05,4,20.48,50.011,57.9,59.9
23926.55,4.5,20.43,50.012,57.9,59.9
23927.05,5,20.39,50.011,57.9,59.9
23927.55,5.5,20.34,50.017,57.9,59.9
23928.05,6,20.31,50.013,57.9,59.9
23928.55,6.5,20.26,50.013,57.9,59.9
23929.05,7,20.23,50.026,57.9,59.9
23929.55,7.5,20.19,50.016,57.9,60
23930.05,8,20.15,50.021,57.9,60
23930.55,8.5,20.11,50.016,57.9,60
23931.05,9,20.07,50.018,57.9,60
23931.55,9.5,20.04,50.016,57.9,60
23932.05,10,19.99,50.011,57.9,60
23932.55,10.5,19.96,50.018,57.9,60
23933.05,11,19.92,50.015,57.9,60
23933.55,11.5,19.89,50.003,57.9,60
23934.05,12,19.85,50.008,57.9,60
24552.2,0.5,22.18,-49.997,57.8,60
24552.7,1,22.25,-50.012,57.8,60
24553.2,1.5,22.32,-50.015,57.8,60
24553.7,2,22.37,-50.018,57.8,60
24554.2,2.5,22.43,-50.03,57.8,60
24554.7,3,22.47,-50.03,57.8,60
24555.2,3.5,22.52,-50.029,57.8,60
24555.7,4,22.57,-50.032,57.8,60
24556.2,4.5,22.61,-50.044,57.8,60
24556.7,5,22.65,-50.045,57.8,60
24557.2,5.5,22.69,-50.043,57.8,60
24557.7,6,22.73,-50.042,57.8,60
24558.2,6.5,22.77,-50.043,57.8,60
24558.7,7,22.8,-50.044,57.8,60
24559.2,7.5,22.84,-50.03,57.8,60
24559.7,8,22.88,-50.039,57.8,60
24560.2,8.5,22.91,-50.029,57.8,60
24560.7,9,22.95,-50.028,57.8,60
24561.2,9.5,22.99,-50.025,57.8,60
24561.7,10,23.02,-50.02,57.8,60
24562.2,10.5,23.05,-50.007,57.8,60
24562.7,11,23.09,-50.016,57.8,60
24563.2,11.5,23.12,-49.996,57.8,60
24563.7,12,23.16,-49.993,57.8,60
26055.91,0.5,22.04,20.011,57.9,60
26056.41,1,22,20.015,57.9,60
26056.91,1.5,21.98,20.014,57.9,60
26057.41,2,21.95,20.012,57.9,60
26057.91,2.5,21.94,20.026,57.9,60
26058.41,3,21.91,20.006,57.9,60
26058.91,3.5,21.89,20.006,57.9,60
26059.41,4,21.88,19.99,57.9,60
26059.91,4.5,21.86,19.989,57.9,60
26060.41,5,21.85,19.99,57.9,60
26060.91,5.5,21.82,20.007,57.9,60
26061.41,6,21.81,20.017,57.9,60
26061.91,6.5,21.8,20.009,57.9,60
26062.41,7,21.78,20.007,57.9,60
26062.91,7.5,21.77,19.999,57.9,60
26063.41,8,21.75,20.017,57.9,60
26063.91,8.5,21.73,20.012,57.9,60
26064.41,9,21.72,20.005,57.9,60
26064.91,9.5,21.71,19.995,57.9,60
26065.41,10,21.69,19.999,57.9,60
26065.91,10.5,21.68,20.018,57.9,60
26066.41,11,21.66,20.02,57.9,60
26066.91,11.5,21.65,20.013,57.9,60
26067.41,12,21.64,20.015,57.9,60
26685.56,0.5,22.56,-20.005,57.8,60
26686.06,1,22.59,-20.003,57.9,60
26686.56,1.5,22.62,-19.988,57.9,60
26687.06,2,22.64,-19.999,57.9,60
26687.56,2.5,22.66,-19.999,57.9,60
26688.06,3,22.68,-20.001,57.9,59.9
26688.56,3.5,22.7,-20.004,57.9,59.9
26689.06,4,22.72,-20.022,57.9,59.9
26689.56,4.5,22.73,-20.016,57.9,59.9
26690.06,5,22.75,-20.018,57.9,60
26690.56,5.5,22.76,-20.025,57.9,60
26691.06,6,22.78,-20.021,57.9,59.9
26691.56,6.5,22.8,-20.013,57.9,59.9
26692.06,7,22.81,-20.025,57.9,60
26692.56,7.5,22.82,-20.022,57.9,60
26693.06,8,22.84,-20.016,57.9,60
26693.56,8.5,22.86,-20.021,57.9,60
26694.06,9,22.87,-20.018,57.9,59.9
26694.56,9.5,22.89,-20.013,57.9,59.9
26695.06,10,22.9,-20.006,57.9,59.9
26695.56,10.5,22.91,-19.995,57.9,59.9
26696.06,11,22.93,-19.997,57.9,59.9
26696.56,11.5,22.94,-19.979,57.9,59.9
26697.06,12,22.95,-19.981,57.9,59.9
27315.21,0.5,21.93,29.998,57.9,60
27315.71,1,21.9,29.989,57.9,60
27316.21,1.5,21.85,30.011,57.9,60
27316.71,2,21.82,30.005,57.9,60
27317.21,2.5,21.79,30.02,57.9,60
27317.71,3,21.76,30.019,57.9,60
27318.21,3.5,21.73,30.028,57.9,60
27318.71,4,21.7,30.008,57.9,60
27319.21,4.5,21.68,30.013,57.9,60
27319.71,5,21.66,29.989,57.9,60
27320.21,5.5,21.63,29.987,57.9,60
27320.71,6,21.61,29.994,57.9,60
27321.21,6.5,21.58,30.008,57.9,60
27321.71,7,21.56,30.015,57.9,60
27322.21,7.5,21.54,30.002,57.9,60
27322.71,8,21.51,30.005,57.9,60
27323.21,8.5,21.49,30.012,57.9,60
27323.71,9,21.47,30.02,57.9,60
27324.21,9.5,21.45,30.027,57.9,60
27324.71,10,21.42,30.018,57.9,60
27325.21,10.5,21.4,30.005,57.9,60
27325.71,11,21.38,30,57.9,60
27326.21,11.5,21.36,30.01,57.9,59.9
27326.71,12,21.34,30.018,57.9,59.9
27944.86,0.5,22.7,-30.021,58,59.9
27945.36,1,22.74,-30.007,58,59.9
27945.86,1.5,22.78,-29.996,58,59.9
27946.36,2,22.81,-29.996,58,59.9
27946.86,2.5,22.84,-29.988,58,59.9
27947.36,3,22.87,-29.981,58,59.9
27947.86,3.5,22.9,-29.972,58,59.9
27948.36,4,22.93,-29.971,58,59.9
27948.86,4.5,22.95,-29.968,58,59.9
27949.36,5,22.97,-29.965,58,59.9
27949.86,5.5,23,-29.969,58,59.9
27950.36,6,23.03,-29.974,58,59.9
27950.86,6.5,23.05,-29.988,58,59.9
27951.36,7,23.07,-30.002,58,59.9
27951.86,7.5,23.09,-30.016,58,59.9
27952.36,8,23.12,-30.024,58,59.9
27952.86,8.5,23.14,-30.037,58,59.9
27953.36,9,23.16,-30.027,58,59.9
27953.86,9.5,23.18,-30.016,58,59.9
27954.36,10,23.2,-30.01,58,59.9
27954.86,10.5,23.22,-29.998,58,59.9
27955.36,11,23.24,-29.992,58,59.9
27955.86,11.5,23.27,-29.977,58,59.9
27956.36,12,23.28,-29.977,58,59.9
28574.51,0.5,21.8,40.027,58,59.9
28575.01,1,21.74,40.019,58,59.9
28575.51,1.5,21.69,40.012,58,59.9
28576.01,2,21.64,40.014,58,59.9
28576.51,2.5,21.61,40.035,58,59.9
28577.01,3,21.57,40.033,58,59.9
28577.51,3.5,21.53,40.007,58,59.9
28578.01,4,21.49,40.002,58,59.9
28578.51,4.5,21.46,40.009,58,59.9
28579.01,5,21.42,39.991,58,59.9
28579.51,5.5,21.39,40.013,58,59.9
28580.01,6,21.36,40.031,58,59.9
28580.51,6.5,21.33,40.019,58,59.9
28581.01,7,21.29,40.011,58,59.9
28581.51,7.5,21.26,39.996,58,59.9
28582.01,8,21.24,40.01,58,59.9
28582.51,8.5,21.21,40.006,58,59.9
28583.01,9,21.18,40.028,58,59.9
28583.51,9.5,21.15,40.028,58,59.9
28584.01,10,21.12,40.016,58,59.9
28584.51,10.5,21.08,40.007,58,59.9
28585.01,11,21.06,40.01,58,59.9
28585.51,11.5,21.03,40.003,58,59.9
28586.01,12,21,39.998,58,59.9
29204.16,0.5,22.83,-39.999,58,60
29204.66,1,22.89,-40.009,58,60
29205.16,1.5,22.94,-40.01,58,60
29205.66,2,22.98,-40.006,58,60
29206.16,2.5,23.02,-39.995,58,60
29206.66,3,23.06,-39.992,58,60
29207.16,3.5,23.1,-39.982,58,60
29207.66,4,23.14,-39.976,58,60
29208.16,4.5,23.17,-39.978,58,60
29208.66,5,23.21,-39.975,58,60
29209.16,5.5,23.24,-39.971,58,60
29209.66,6,23.27,-39.978,58,60
29210.16,6.5,23.3,-39.977,58,60
29210.66,7,23.33,-39.969,58,60
29211.16,7.5,23.35,-39.978,58,60
29211.66,8,23.38,-39.988,58,60
29212.16,8.5,23.41,-39.983,58,60
29212.66,9,23.45,-39.992,58,60
29213.16,9.5,23.48,-39.993,58,60
29213.66,10,23.5,-40.006,58,60
29214.16,10.5,23.53,-40.001,58,60
29214.66,11,23.55,-40.017,58,60
29215.16,11.5,23.58,-40.01,58,60
29215.66,12,23.61,-40.03,58,60
29833.81,0.5,21.66,50.009,58,60
29834.31,1,21.59,50.03,58,60
29834.81,1.5,21.53,50.036,58,60
29835.31,2,21.47,50.01,58,60
29835.81,2.5,21.41,49.995,58,60
29836.31,3,21.37,50.002,58,60
29836.81,3.5,21.32,50.015,58,60
29837.31,4,21.28,50.003,58,60
29837.81,4.5,21.23,50.007,58,60
29838.31,5,21.19,50.016,58,60
29838.81,5.5,21.15,50.038,58,60
29839.31,6,21.11,50.039,58,60
29839.81,6.5,21.07,50.024,58,60
29840.31,7,21.03,50.024,58,60
29840.81,7.5,21,50.008,58,60
29841.31,8,20.95,50.016,58,60
29841.81,8.5,20.92,50.022,58,60
29842.31,9,20.88,50.021,58,60
29842.81,9.5,20.84,50.036,58,60
29843.31,10,20.81,50.048,58,60
29843.81,10.5,20.77,50.041,58,60
29844.31,11,20.74,50.028,58,60
29844.81,11.5,20.7,50.023,58,60
29845.31,12,20.67,50.004,58,60
30463.46,0.5,22.96,-49.959,58,59.9
30463.96,1,23.04,-49.963,58,59.9
30464.46,1.5,23.1,-49.956,58,59.9
30464.96,2,23.16,-49.964,58,59.9
30465.46,2.5,23.21,-49.961,58,60
30465.96,3,23.26,-49.982,58,60
30466.46,3.5,23.3,-49.984,58,60
30466.96,4,23.34,-50.006,58,60
30467.46,4.5,23.39,-50.011,58,60
30467.96,5,23.43,-50.031,58,60
30468.46,5.5,23.47,-50.034,58,59.9
30468.96,6,23.51,-50.051,58,60
30469.46,6.5,23.55,-50.05,58,60
30469.96,7,23.58,-50.044,58,60
30470.46,7.5,23.62,-50.035,58,60
30470.96,8,23.66,-50.024,58,60
30471.46,8.5,23.69,-50.006,58,60
30471.96,9,23.73,-49.988,58,60
30472.46,9.5,23.76,-49.973,58,60
30472.96,10,23.8,-49.978,58,60
30473.46,10.5,23.83,-49.98,58,60
30473.96,11,23.87,-49.997,58,60
30474.46,11.5,23.9,-50.007,58,60
30474.96,12,23.94,-50.034,58,60
31954.62,0.5,22.8,19.996,58,59.9
31955.12,1,22.77,20.007,58,59.9
31955.62,1.5,22.74,20.018,58,59.9
31956.12,2,22.72,20.012,58,59.9
31956.62,2.5,22.7,20.018,58,59.9
31957.12,3,22.68,20.02,58,59.9
31957.62,3.5,22.66,19.999,58,59.9
31958.12,4,22.64,20.006,58,59.9
31958.62,4.5,22.63,20.014,58,59.9
31959.12,5,22.61,20.025,58,59.9
31959.62,5.5,22.59,20.026,58,59.9
31960.12,6,22.57,20.034,58,59.9
31960.62,6.5,22.56,20.017,58,59.9
31961.12,7,22.54,20.002,58,59.9
31961.62,7.5,22.53,20.004,58,59.9
31962.12,8,22.52,20.009,58,59.9
31962.62,8.5,22.5,20.02,58,59.9
31963.12,9,22.48,20.017,58,59.9
31963.62,9.5,22.47,20.024,58,59.9
31964.12,10,22.46,20.008,58,59.9
31964.62,10.5,22.44,20.021,58.1,59.9
31965.12,11,22.43,20.004,58.1,59.9
31965.62,11.5,22.41,20.002,58.1,59.9
31966.12,12,22.4,19.991,58.1,59.9
32584.27,0.5,23.32,-19.981,58,60
32584.77,1,23.35,-19.988,58,60
32585.27,1.5,23.38,-19.974,58,60
32585.77,2,23.4,-19.99,58,60
32586.27,2.5,23.42,-19.982,58,60
32586.77,3,23.43,-19.981,58,60
32587.27,3.5,23.45,-19.993,58,60
32587.77,4,23.47,-20.003,58,60
32588.27,4.5,23.49,-20.02,58,60
32588.77,5,23.5,-20.025,58,60
32589.27,5.5,23.52,-20.023,58,60
32589.77,6,23.54,-20.017,58,60
32590.27,6.5,23.55,-20.017,58,60
32590.77,7,23.57,-20.025,58,60
32591.27,7.5,23.58,-20.02,58,60
32591.77,8,23.6,-20.005,58,60
32592.27,8.5,23.61,-20.006,58,60
32592.77,9,23.63,-20,58,60
32593.27,9.5,23.64,-19.989,58,60
32593.77,10,23.66,-19.991,58,60
32594.27,10.5,23.67,-19.987,58,60
32594.77,11,23.68,-20,58,60
32595.27,11.5,23.7,-20.004,58,60
32595.77,12,23.71,-19.994,58,60
33213.92,0.5,22.7,29.998,58.1,60
33214.42,1,22.65,30.007,58.1,60
33214.92,1.5,22.61,30.007,58.1,60
33215.42,2,22.58,29.991,58.1,60
33215.92,2.5,22.55,29.997,58.1,60
33216.42,3,22.52,30.007,58.1,60
33216.92,3.5,22.49,29.998,58.1,60
33217.42,4,22.47,30.005,58.1,60
33217.92,4.5,22.44,30.008,58.1,60
33218.42,5,22.41,30.016,58.1,60
33218.92,5.5,22.39,30.014,58.1,60
33219.42,6,22.37,30.007,58.1,60
33219.92,6.5,22.35,30.019,58.1,60
33220.42,7,22.32,30.015,58.1,60
33220.92,7.5,22.3,30.018,58.1,60
33221.42,8,22.27,30.02,58.1,60
33221.92,8.5,22.25,30.032,58.1,60
33222.42,9,22.24,30.029,58.1,60
33222.92,9.5,22.21,30.032,58.1,60
33223.42,10,22.19,30.022,58.1,60
33223.92,10.5,22.16,30.023,58.1,60
33224.42,11,22.14,30.03,58.1,60
33224.92,11.5,22.13,30.022,58.1,60
33225.42,12,22.1,30.016,58.1,60
33843.57,0.5,23.45,-29.971,58,60
33844.07,1,23.49,-30.014,58,60
33844.57,1.5,23.53,-30.023,58,60
33845.07,2,23.56,-30.033,58,60
33845.57,2.5,23.59,-30.042,58,60
33846.07,3,23.62,-30.034,58,60
33846.57,3.5,23.65,-30.026,58,60
33847.07,4,23.68,-30.025,58,60
33847.57,4.5,23.7,-30.023,58,60
33848.07,5,23.73,-30.004,58,60
33848.57,5.5,23.75,-30.003,58,60
33849.07,6,23.77,-29.995,58,60
33849.57,6.5,23.8,-29.998,58,60
33850.07,7,23.82,-29.994,58,60
33850.57,7.5,23.85,-29.994,58,60
33851.07,8,23.87,-29.999,58,60
33851.57,8.5,23.89,-30.017,58,60
33852.07,9,23.91,-30.032,58,60
33852.57,9.5,23.93,-30.03,58,60
33853.07,10,23.95,-30.032,58,60
33853.57,10.5,23.97,-30.034,58,60
33854.07,11,23.99,-30.031,58,60
33854.57,11.5,24.01,-30.009,58,60
33855.07,12,24.03,-30.012,58,60
34473.22,0.5,22.56,40.009,58,60
34473.72,1,22.5,40.026,58,60
34474.22,1.5,22.45,40.043,58,60
34474.72,2,22.41,40.035,58,60
34475.22,2.5,22.37,40.028,58,60
34475.72,3,22.33,40.017,58,60
34476.22,3.5,22.29,40.007,58,60
34476.72,4,22.25,40.014,58,60
34477.22,4.5,22.21,40.017,58,60
34477.72,5,22.19,40.009,58,60
34478.22,5.5,22.15,40.01,58,60
34478.72,6,22.13,40.014,58,60
34479.22,6.5,22.09,39.997,58,60
34479.72,7,22.06,40.002,58,60
34480.22,7.5,22.03,39.99,58,59.9
34480.72,8,22,39.988,58,59.9
34481.22,8.5,21.97,39.978,58,59.9
34481.72,9,21.95,39.977,58,59.9
34482.22,9.5,21.91,39.99,58,60
34482.72,10,21.88,39.981,58,60
34483.22,10.5,21.86,40.005,58.1,60
34483.72,11,21.83,40.007,58.1,60
34484.22,11.5,21.8,40.024,58,60
34484.72,12,21.77,40.021,58,60
35102.87,0.5,23.58,-39.979,58.1,59.9
35103.37,1,23.64,-39.999,58.1,59.9
35103.87,1.5,23.69,-40.017,58.1,60
35104.37,2,23.73,-40.003,58.1,60
35104.87,2.5,23.77,-39.961,58.1,60
35105.37,3,23.82,-39.959,58.1,60
35105.87,3.5,23.86,-40.013,58.1,60
35106.37,4,23.89,-40.033,58.1,60
35106.87,4.5,23.92,-40.04,58.1,60
35107.37,5,23.95,-40.01,58.1,60
35107.87,5.5,23.99,-39.981,58.1,60
35108.37,6,24.02,-39.993,58.1,60
35108.87,6.5,24.05,-40.034,58.1,60
35109.37,7,24.08,-40.039,58.1,60
35109.87,7.5,24.11,-40.02,58.1,60
35110.37,8,24.14,-39.975,58.1,60
35110.87,8.5,24.16,-39.977,58.1,60
35111.37,9,24.2,-40.006,58.1,60
35111.87,9.5,24.23,-40.021,58.1,60
35112.37,10,24.25,-40.022,58.1,60
35112.87,10.5,24.28,-39.993,58.1,60
35113.37,11,24.31,-39.963,58.1,60
35113.87,11.5,24.33,-39.947,58.1,60
35114.37,12,24.36,-39.976,58.1,60
35732.52,0.5,22.43,50.009,58,59.9
35733.02,1,22.36,50.005,58,59.9
35733.52,1.5,22.29,50.005,58,59.9
35734.02,2,22.23,50.015,58,59.9
35734.52,2.5,22.18,50.027,58,59.9
35735.02,3,22.13,50.022,58,59.9
35735.52,3.5,22.09,50.012,58,59.9
35736.02,4,22.04,50.014,58,59.9
35736.52,4.5,22,50.001,58,59.9
35737.02,5,21.95,50.016,58,60
35737.52,5.5,21.91,50.03,58,60
35738.02,6,21.88,50.015,58,60
35738.52,6.5,21.84,50.003,58,60
35739.02,7,21.8,50.007,58,60
35739.52,7.5,21.77,50.003,58,60
35740.02,8,21.73,50.001,58,60
35740.52,8.5,21.69,49.994,58,60
35741.02,9,21.65,50.024,58,60
35741.52,9.5,21.62,50.035,58,60
35742.02,10,21.58,50.016,58,60
35742.52,10.5,21.55,50.013,58,60
35743.02,11,21.51,50.005,58,60
35743.52,11.5,21.47,50.022,58,60
35744.02,12,21.44,50.007,58,60
36362.17,0.5,23.72,-50.03,58.1,60
36362.67,1,23.79,-50.005,58.1,60
36363.17,1.5,23.85,-49.981,58.1,60
36363.67,2,23.91,-49.964,58.1,60
36364.17,2.5,23.96,-49.977,58.1,60
36364.67,3,24.01,-49.987,58.1,60
36365.17,3.5,24.06,-50.011,58.1,60
36365.67,4,24.1,-50.035,58.1,60
36366.17,4.5,24.14,-50.052,58.1,60
36366.67,5,24.18,-50.054,58.1,60
36367.17,5.5,24.23,-50.055,58.1,60
36367.67,6,24.26,-50.037,58.1,60
36368.17,6.5,24.3,-50.024,58.1,60
36368.67,7,24.34,-50,58.1,60
36369.17,7.5,24.38,-49.997,58.1,60
36369.67,8,24.41,-49.978,58.1,60
36370.17,8.5,24.45,-49.98,58.1,60
36370.67,9,24.48,-49.989,58.1,60
36371.17,9.5,24.52,-50.003,58.1,60
36371.67,10,24.55,-50.026,58.1,60
36372.17,10.5,24.59,-50.044,58.1,60
36372.67,11,24.62,-50.061,58.1,60
36373.17,11.5,24.65,-50.048,58.1,60
36373.67,12,24.69,-50.035,58.1,60
37851.1,0.5,23.55,20.016,58,60
37851.6,1,23.52,20.007,58,60
37852.1,1.5,23.5,20.014,58,60
37852.6,2,23.48,20.014,58,60
37853.1,2.5,23.45,20.006,58,60
37853.6,3,23.43,20.015,58,60
37854.1,3.5,23.41,20.007,58,60
37854.6,4,23.4,20.014,58,60
37855.1,4.5,23.38,20.009,58,60
37855.6,5,23.36,20.018,58,60
37856.1,5.5,23.35,20.015,58,60
37856.6,6,23.33,20.015,58,60
37857.1,6.5,23.31,20.016,58,60
37857.6,7,23.3,20.022,58,60
37858.1,7.5,23.29,20.025,58,60
37858.6,8,23.27,20.024,58.1,60
37859.1,8.5,23.25,20.025,58.1,60
37859.6,9,23.24,20.018,58,60
37860.1,9.5,23.23,20.023,58,60
37860.6,10,23.21,20.009,58.1,60
37861.1,10.5,23.2,20.007,58.1,60
37861.6,11,23.18,20.016,58.1,60
37862.1,11.5,23.17,20.013,58.1,60
37862.6,12,23.16,20.023,58.1,60
38480.77,0.5,24.07,-19.975,58.1,59.9
38481.27,1,24.09,-19.989,58.1,59.9
38481.77,1.5,24.12,-19.984,58.1,59.9
38482.27,2,24.14,-19.985,58.1,59.9
38482.77,2.5,24.16,-19.988,58.1,59.9
38483.27,3,24.19,-19.986,58.1,59.9
38483.77,3.5,24.2,-19.983,58.1,59.9
38484.27,4,24.22,-19.984,58.1,59.9
38484.77,4.5,24.24,-19.989,58.1,59.9
38485.27,5,24.26,-19.993,58.1,59.9
38485.77,5.5,24.27,-20.004,58.1,59.9
38486.27,6,24.28,-19.994,58.1,59.9
38486.77,6.5,24.3,-19.985,58.1,59.9
38487.27,7,24.32,-19.99,58.1,59.9
38487.77,7.5,24.33,-20.004,58.1,59.9
38488.27,8,24.34,-20.013,58.1,59.9
38488.77,8.5,24.36,-20.004,58.1,59.9
38489.27,9,24.38,-20.004,58.1,59.9
38489.77,9.5,24.39,-20.003,58.1,59.9
38490.27,10,24.4,-20.004,58.1,59.9
38490.77,10.5,24.41,-19.987,58.1,59.9
38491.27,11,24.43,-19.983,58.1,59.9
38491.77,11.5,24.44,-19.975,58.1,59.9
38492.27,12,24.45,-19.982,58.1,59.9
39110.42,0.5,23.45,30.017,58,60
39110.92,1,23.41,30.014,58,60
39111.42,1.5,23.37,30.015,58,60
39111.92,2,23.33,30.006,58,60
39112.42,2.5,23.3,30.016,58,60
39112.92,3,23.27,30.003,58,60
39113.42,3.5,23.24,30.008,58,60
39113.92,4,23.22,30.001,58,60
39114.42,4.5,23.19,30.004,58,60
39114.92,5,23.17,30,58,60
39115.42,5.5,23.14,29.998,58,60
39115.92,6,23.12,29.992,58,60
39116.42,6.5,23.1,29.998,58,60
39116.92,7,23.08,30.009,58,60
39117.42,7.5,23.06,30.005,58,60
39117.92,8,23.03,30.006,58,60
39118.42,8.5,23.01,30.001,58,60
39118.92,9,22.99,30.005,58,60
39119.42,9.5,22.97,30,58,60
39119.92,10,22.95,30.001,58,60
39120.42,10.5,22.92,30.019,58,60
39120.92,11,22.9,30.01,58,60
39121.42,11.5,22.88,30.014,58,60
39121.92,12,22.86,30.029,58,60
39740.07,0.5,24.2,-30.015,58,60
39740.57,1,24.24,-30.017,58,60
39741.07,1.5,24.29,-30.012,58,60
39741.57,2,24.31,-30.01,58,60
39742.07,2.5,24.34,-30.001,58,60
39742.57,3,24.38,-30.001,58,60
39743.07,3.5,24.4,-29.989,58,60
39743.57,4,24.43,-29.981,58,60
39744.07,4.5,24.46,-29.973,58,60
39744.57,5,24.48,-29.981,58,60
39745.07,5.5,24.5,-29.986,58,60
39745.57,6,24.52,-29.998,58,60
39746.07,6.5,24.55,-30.005,58,60
39746.57,7,24.57,-30.012,58,60
39747.07,7.5,24.59,-30.021,58,60
39747.57,8,24.61,-30.025,58,60
39748.07,8.5,24.64,-30.003,58,59.9
39748.57,9,24.66,-29.977,58,59.9
39749.07,9.5,24.68,-29.965,58,59.9
39749.57,10,24.7,-29.974,58,59.9
39750.07,10.5,24.72,-29.985,58,59.9
39750.57,11,24.74,-30.002,58,59.9
39751.07,11.5,24.76,-29.998,58,60
39751.57,12,24.78,-30.005,58,60
40369.72,0.5,23.32,39.99,58.1,60
40370.22,1,23.26,39.992,58.1,60
40370.72,1.5,23.21,40.021,58.1,60
40371.22,2,23.16,40.025,58.1,60
40371.72,2.5,23.12,40.017,58.1,60
40372.22,3,23.08,40.014,58.1,60
40372.72,3.5,23.05,40.024,58.1,60
40373.22,4,23.01,40.007,58.1,60
40373.72,4.5,22.97,40.003,58.1,60
40374.22,5,22.94,40.019,58.1,60
40374.72,5.5,22.91,40.036,58.1,60
40375.22,6,22.88,40.049,58.1,60
40375.72,6.5,22.85,40.043,58.1,60
40376.22,7,22.81,40.026,58.1,60
40376.72,7.5,22.79,40.017,58.1,60
40377.22,8,22.76,40.013,58.1,60
40377.72,8.5,22.73,40.001,58.1,60
40378.22,9,22.7,40.006,58.1,60
40378.72,9.5,22.67,40.02,58.1,60
40379.22,10,22.64,40.039,58.1,60
40379.72,10.5,22.61,40.029,58.1,60
40380.22,11,22.59,40.012,58.1,60
40380.72,11.5,22.56,40.007,58.1,60
40381.22,12,22.53,40.008,58.1,60
40999.37,0.5,24.33,-39.964,58.1,59.9
40999.87,1,24.39,-39.964,58,59.9
41000.37,1.5,24.44,-39.965,58,59.9
41000.87,2,24.48,-39.966,58.1,59.9
41001.37,2.5,24.53,-39.966,58.1,59.9
41001.87,3,24.56,-39.972,58,59.9
41002.37,3.5,24.6,-39.973,58,59.9
41002.87,4,24.64,-39.972,58.1,59.9
41003.37,4.5,24.68,-39.969,58.1,59.9
41003.87,5,24.7,-39.978,58.1,59.9
41004.37,5.5,24.73,-39.977,58.1,59.9
41004.87,6,24.77,-39.978,58.1,59.9
41005.37,6.5,24.8,-39.965,58.1,59.9
41005.87,7,24.83,-39.974,58.1,59.9
41006.37,7.5,24.86,-39.976,58.1,59.9
41006.87,8,24.89,-39.976,58.1,59.9
41007.37,8.5,24.92,-39.969,58.1,59.9
41007.87,9,24.95,-39.978,58.1,59.9
41008.37,9.5,24.97,-39.996,58,59.9
41008.87,10,25,-39.996,58,59.9
41009.37,10.5,25.03,-40.014,58,59.9
41009.87,11,25.06,-40.01,58.1,59.9
41010.37,11.5,25.08,-40.018,58.1,59.9
41010.87,12,25.11,-40.016,58.1,59.9
41629.02,0.5,23.19,49.987,58.1,59.9
41629.52,1,23.11,49.988,58.1,59.9
41630.02,1.5,23.05,49.988,58.1,60
41630.52,2,22.99,49.983,58.1,60
41631.02,2.5,22.94,49.991,58.1,59.9
41631.52,3,22.9,49.981,58.1,59.9
41632.02,3.5,22.85,49.993,58.1,60
41632.52,4,22.8,49.989,58.1,60
41633.02,4.5,22.76,49.997,58.1,60
41633.52,5,22.72,49.986,58.1,60
41634.02,5.5,22.68,49.991,58,60
41634.52,6,22.64,49.995,58,60
41635.02,6.5,22.6,49.998,58,60
41635.52,7,22.56,50.001,58,60
41636.02,7.5,22.52,50.012,58,60
41636.52,8,22.49,50.01,58,60
41637.02,8.5,22.45,50.015,58,60
41637.52,9,22.42,50.008,58,60
41638.02,9.5,22.38,50.008,58,60
41638.52,10,22.34,50.011,58,60
41639.02,10.5,22.31,50.012,58,60
41639.52,11,22.27,50.014,58,60
41640.02,11.5,22.24,50.012,58,60
41640.52,12,22.2,50.026,58,60
42258.67,0.5,24.47,-50.009,57.5,60
42259.17,1,24.54,-50.013,57.5,60
42259.67,1.5,24.6,-50.03,58,60
42260.17,2,24.66,-50.026,58,60
42260.67,2.5,24.71,-50.001,58.1,60
42261.17,3,24.76,-49.973,58.1,60
42261.67,3.5,24.81,-49.996,58.1,60
42262.17,4,24.85,-50.033,58,60
42262.67,4.5,24.89,-50.052,58,60
42263.17,5,24.93,-50.055,58,60
42263.67,5.5,24.97,-50.021,58,60
42264.17,6,25.01,-49.973,58,60
42264.67,6.5,25.05,-49.987,58,60
42265.17,7,25.08,-50.016,58,60
42265.67,7.5,25.13,-50.04,58,60
42266.17,8,25.16,-50.028,58,60
42266.67,8.5,25.19,-50.012,58,60
42266.77,8.6,25.2,-50.014,58,60
